controller,sim_time_s,x_m,y_m,goal_distance_m,selection,executed_v_mps,executed_w_radps
ppo_only,0.2166666666666659,-0.2800028622150421,-3.0000717639923096,3.8500717639933737,ppo_only,0.065,0.13845510482788087
ppo_only,0.4333333333333318,-0.28014346957206726,-2.9881978034973145,3.8381978061787185,ppo_only,0.065,0.37042691707611086
ppo_only,0.6499999999999977,-0.2808212339878082,-2.975487470626831,3.825487558775761,ppo_only,0.065,0.55
ppo_only,0.8666666666666636,-0.28248271346092224,-2.9628052711486816,3.8128060794597594,ppo_only,0.065,0.55
ppo_only,1.0833333333333295,-0.2852663993835449,-2.95066499710083,3.800668645797726,ppo_only,0.065,0.55
ppo_only,1.2999999999999954,-0.2892979383468628,-2.938544511795044,3.7885559213914015,ppo_only,0.065,0.49001512527465824
ppo_only,1.5166666666666613,-0.29434919357299805,-2.9269843101501465,3.777011567162136,ppo_only,0.065,0.55
ppo_only,1.7333333333333272,-0.3003302216529846,-2.916046619415283,3.7661014932582133,ppo_only,0.065,0.5317338943481446
ppo_only,1.949999999999993,-0.30744504928588867,-2.905461072921753,3.7555613563035966,ppo_only,0.065,0.3796184778213501
ppo_only,2.166666666666659,-0.3152395486831665,-2.895557403564453,3.7457231730585594,ppo_only,0.065,0.19045393466949465
ppo_only,2.383333333333325,-0.3235796093940735,-2.885861396789551,3.7361155708004152,ppo_only,0.065,-0.1581122636795044
ppo_only,2.599999999999991,-0.3317258954048157,-2.876356840133667,3.726715828751422,ppo_only,0.065,-0.55
ppo_only,2.816666666666657,-0.33942463994026184,-2.8662002086639404,3.716675299068503,ppo_only,0.065,-0.55
ppo_only,3.033333333333323,-0.3461901843547821,-2.8553178310394287,3.7059089801995486,ppo_only,0.065,-0.55
ppo_only,3.249999999999989,-0.3519513010978699,-2.84381365776062,3.69451435617573,ppo_only,0.065,-0.55
ppo_only,3.466666666666655,-0.3565032184123993,-2.8320047855377197,3.6827994763698615,ppo_only,0.065,-0.55
ppo_only,3.6833333333333207,-0.36001119017601013,-2.819622278213501,3.6704944428937947,ppo_only,0.065,-0.55
ppo_only,3.8999999999999866,-0.36240026354789734,-2.8068294525146484,3.657757707696253,ppo_only,0.065,-0.55
ppo_only,4.116666666666653,-0.3636360466480255,-2.7938525676727295,3.644812275444931,ppo_only,0.065,-0.55
ppo_only,4.333333333333318,-0.36365392804145813,-2.780942916870117,3.6319064477552336,ppo_only,0.065,-0.55
ppo_only,4.549999999999985,-0.3625040650367737,-2.768244981765747,3.619185497984402,ppo_only,0.065,-0.55
ppo_only,4.76666666666665,-0.3601566255092621,-2.7557687759399414,3.606659611074554,ppo_only,0.065,-0.55
ppo_only,4.9833333333333165,-0.35663971304893494,-2.743537664413452,3.5943548226593203,ppo_only,0.065,-0.5420956611633301
ppo_only,5.1999999999999815,-0.3519909679889679,-2.7316672801971436,3.5823907108950013,ppo_only,0.065,-0.55
ppo_only,5.416666666666648,-0.34624406695365906,-2.720252275466919,3.57086678369318,ppo_only,0.065,-0.55
ppo_only,5.633333333333313,-0.3394961655139923,-2.7095484733581543,3.5600456637376485,ppo_only,0.065,-0.4490449905395508
ppo_only,5.84999999999998,-0.33186233043670654,-2.6994619369506836,3.5498408053291666,ppo_only,0.065,-0.2968469142913818
ppo_only,6.066666666666645,-0.32365500926971436,-2.6898810863494873,3.540150260275567,ppo_only,0.065,-0.06735110282897949
ppo_only,6.283333333333312,-0.31511756777763367,-2.680427074432373,3.5306017293730174,ppo_only,0.065,0.37116858959198
ppo_only,6.499999999999977,-0.3068862557411194,-2.6707756519317627,3.52087830831787,ppo_only,0.065,0.55
ppo_only,6.699999999999987,-0.29991114139556885,-2.6612727642059326,3.511329218146035,ppo_only,0.065,0.55
ppo_only,6.899999999999997,-0.29367125034332275,-2.6510744094848633,3.5011011016301334,ppo_only,0.065,0.55
ppo_only,7.100000000000007,-0.28847768902778625,-2.6406712532043457,3.4906815479442477,ppo_only,0.065,0.55
ppo_only,7.300000000000017,-0.28402188420295715,-2.6294474601745605,3.4794497846164902,ppo_only,0.065,0.55
ppo_only,7.500000000000027,-0.28072208166122437,-2.6183207035064697,3.468320778672806,ppo_only,0.065,0.55
ppo_only,7.700000000000037,-0.2783651649951935,-2.6068902015686035,3.4568905881422562,ppo_only,0.065,0.55
ppo_only,7.9000000000000465,-0.2769872844219208,-2.5951004028320312,3.445101720130855,ppo_only,0.065,0.55
ppo_only,8.100000000000056,-0.27664661407470703,-2.5835845470428467,3.4335861845727123,ppo_only,0.065,0.55
ppo_only,8.300000000000066,-0.2773226201534271,-2.5719237327575684,3.4219247801745047,ppo_only,0.065,0.55
ppo_only,8.500000000000076,-0.27896848320961,-2.560624599456787,3.410624755443885,ppo_only,0.065,0.55
ppo_only,8.700000000000086,-0.2816484272480011,-2.5492541790008545,3.3992545786932706,ppo_only,0.065,0.55
ppo_only,8.900000000000096,-0.2852776050567627,-2.5383780002593994,3.388382110352524,ppo_only,0.065,0.55
ppo_only,9.100000000000106,-0.28999581933021545,-2.527463912963867,3.3774787045631065,ppo_only,0.065,0.55
ppo_only,9.300000000000116,-0.2956099510192871,-2.5169897079467773,3.3670258929788988,ppo_only,0.065,0.55
ppo_only,9.500000000000126,-0.3019331395626068,-2.5073747634887695,3.357446405398356,ppo_only,0.065,0.55
ppo_only,9.700000000000136,-0.30913910269737244,-2.498213768005371,3.3483405626618588,ppo_only,0.065,0.3784639596939087
ppo_only,9.900000000000146,-0.3170957565307617,-2.4894485473632812,3.339654577293784,ppo_only,0.065,0.21217474937438965
ppo_only,10.100000000000156,-0.3252200782299042,-2.4812092781066895,3.3315161878669013,ppo_only,0.065,-0.06424098014831543
isaac_only,0.2666666666666657,-0.2799828350543976,-3.0000741481781006,3.8500741482163643,isaac_only,0.05491034901183251,0.55
isaac_only,0.2833333333333323,-0.27998319268226624,-2.999764919281006,3.8497649193176944,isaac_only,0.05501516214392111,0.55
isaac_only,0.4999999999999982,-0.2805555760860443,-2.9891862869262695,3.8391863271255153,isaac_only,0.05698390436748981,0.55
isaac_only,0.6999999999999975,-0.28200429677963257,-2.9790220260620117,3.8290225506352944,isaac_only,0.05780029890949825,0.55
isaac_only,0.8999999999999968,-0.28433966636657715,-2.9689881801605225,3.8189906458264535,isaac_only,0.0595915050745661,0.55
isaac_only,1.099999999999996,-0.28763315081596375,-2.9588499069213867,3.8088575555468647,isaac_only,0.06078433743281466,0.55
isaac_only,1.2999999999999954,-0.2918582260608673,-2.948807954788208,3.7988264628550064,isaac_only,0.062182297703492824,0.55
isaac_only,1.4999999999999947,-0.29715797305107117,-2.9386610984802246,3.7886999505340357,isaac_only,0.06332439109409468,0.4551054586595497
isaac_only,1.699999999999994,-0.3031826913356781,-2.928957939147949,3.7790290476558765,isaac_only,0.0647815551320772,0.16401400763839635
isaac_only,1.8999999999999932,-0.30980440974235535,-2.9193344116210938,3.769452242630357,isaac_only,0.06487557957092162,0.1237666005878066
isaac_only,2.0999999999999925,-0.3166225850582123,-2.909815788269043,3.7599941456674517,isaac_only,0.06485479992431357,0.13370652917512882
isaac_only,2.299999999999992,-0.3236434757709503,-2.900371551513672,3.75062548481989,isaac_only,0.06491276674254015,0.10362819714065961
isaac_only,2.499999999999991,-0.3308243751525879,-2.8910341262817383,3.741379351404268,isaac_only,0.06494745850611153,0.08042087283456231
isaac_only,2.699999999999991,-0.3381241261959076,-2.8817830085754395,3.7322356352645256,isaac_only,0.06491015578207336,-0.10516795238825268
isaac_only,2.89999999999999,-0.3453511595726013,-2.8725574016571045,3.7231309918789557,isaac_only,0.06494221029953726,-0.0843423541360445
isaac_only,3.0999999999999894,-0.35243576765060425,-2.8632824420928955,3.713988884634755,isaac_only,0.06496363953958478,-0.06689955812443368
isaac_only,3.2999999999999887,-0.3594561517238617,-2.8539040088653564,3.7047561575541814,isaac_only,0.06499925778120147,0.009557728800518377
isaac_only,3.499999999999988,-0.36643874645233154,-2.8445193767547607,3.6955304195885925,isaac_only,0.06499948373898351,0.007971191976470933
isaac_only,3.6999999999999873,-0.3734055459499359,-2.8351848125457764,3.686368361766395,isaac_only,0.06497619486618504,0.05412985752946159
isaac_only,3.8999999999999866,-0.38045448064804077,-2.8258414268493652,3.6772137955283815,isaac_only,0.06498591131704659,0.041641978722032326
isaac_only,4.099999999999985,-0.38758614659309387,-2.816514492034912,3.668092596873855,isaac_only,0.06499134509080925,0.03263806417330503
isaac_only,4.299999999999985,-0.3947608470916748,-2.8072264194488525,3.6590265283460126,isaac_only,0.06484127212918438,-0.13979876275159725
isaac_only,4.499999999999984,-0.40184295177459717,-2.797889471054077,3.6499237386450067,isaac_only,0.0649000319924789,-0.11093651276984803
isaac_only,4.699999999999983,-0.4087497591972351,-2.7884702682495117,3.640747504761765,isaac_only,0.06493587051650938,-0.08884907262931813
isaac_only,4.899999999999983,-0.4155833423137665,-2.7788913249969482,3.6314232872733356,isaac_only,0.06499970239507573,0.006052134030461821
isaac_only,5.099999999999982,-0.4223319888114929,-2.769346237182617,3.6221437822989584,isaac_only,0.06499984520590185,0.004364812581647129
isaac_only,5.299999999999981,-0.4291025996208191,-2.759791135787964,3.612869168573233,isaac_only,0.06481075429327601,-0.15265349750691687
isaac_only,5.4999999999999805,-0.4357640743255615,-2.75016713142395,3.6035351838210006,isaac_only,0.06488199757865745,-0.12053120510945665
isaac_only,5.69999999999998,-0.4422313868999481,-2.740440845489502,3.594104128688379,isaac_only,0.06492623913833562,-0.09528891536781225
isaac_only,5.899999999999979,-0.4485766589641571,-2.7305991649627686,3.5845653111750653,isaac_only,0.0649967428295981,0.02002213422956052
isaac_only,6.099999999999978,-0.4548795521259308,-2.720750331878662,3.5750301803430053,isaac_only,0.06499814259756898,0.015119671453908003
isaac_only,6.299999999999978,-0.4612206518650055,-2.710901975631714,3.565510314768451,isaac_only,0.06484557721034881,-0.13788912961132457
isaac_only,6.499999999999977,-0.46744948625564575,-2.7010273933410645,3.555971436633897,isaac_only,0.06490095438040547,-0.11042339983670324
isaac_only,6.699999999999987,-0.4735075831413269,-2.6910781860351562,3.546361502208599,isaac_only,0.06493696890440447,-0.08808477399373978
isaac_only,6.899999999999997,-0.4794544577598572,-2.6810238361358643,3.536652571582331,isaac_only,0.06498669878414046,0.04046144532395095
isaac_only,7.100000000000007,-0.4854097366333008,-2.670912265777588,3.526898969804328,isaac_only,0.0649917704577222,0.03182590321580759
isaac_only,7.300000000000017,-0.49141600728034973,-2.6608328819274902,3.517192666453979,isaac_only,0.06488276011826134,-0.12014101600365344
isaac_only,7.500000000000027,-0.4973334074020386,-2.650754690170288,3.507494434881152,isaac_only,0.0649236583120015,-0.09694194069383003
isaac_only,7.700000000000037,-0.5031171441078186,-2.6405699253082275,3.497693477630811,isaac_only,0.06495161447700891,-0.07717434978769414
isaac_only,7.9000000000000465,-0.5087717175483704,-2.6303460597991943,3.4878568196974213,isaac_only,0.06497088947041219,0.05985901664789066
isaac_only,8.100000000000056,-0.5144616961479187,-2.6200613975524902,3.477973316422152,isaac_only,0.0649815390069788,0.04766791141894758
isaac_only,8.300000000000066,-0.5202189683914185,-2.6098337173461914,3.468162987009204,isaac_only,0.06491055466771214,-0.10493417942138643
isaac_only,8.500000000000076,-0.5259090065956116,-2.5996127128601074,3.458366537579687,isaac_only,0.06494217027848104,-0.08437155818433376
isaac_only,8.700000000000086,-0.5314734578132629,-2.5893099308013916,3.448491220823047,isaac_only,0.0649628370643671,-0.06763383533148713
isaac_only,8.900000000000096,-0.536937952041626,-2.5789546966552734,3.438567641171772,isaac_only,0.06495356045150968,0.07560633214742546
isaac_only,9.100000000000106,-0.5424320697784424,-2.568585157394409,3.4286433278493047,isaac_only,0.06497004735929374,0.06071871226059795
isaac_only,9.300000000000116,-0.548027753829956,-2.5582566261291504,3.418779329874391,isaac_only,0.06492784622683256,-0.0942449353980725
isaac_only,9.500000000000126,-0.5535622239112854,-2.5479533672332764,3.4089475467133914,isaac_only,0.06495299244519352,-0.07606735624373036
isaac_only,9.700000000000136,-0.5589891672134399,-2.5375733375549316,3.399042228736723,isaac_only,0.06497025223435154,-0.060510683075186145
isaac_only,9.900000000000146,-0.5643350481987,-2.527122974395752,3.3890715548400228,isaac_only,0.06473504226940088,-0.18064429414678831
isaac_only,10.100000000000156,-0.5694770812988281,-2.516627550125122,3.3790498726504126,isaac_only,0.064829208372252,-0.14501627473967973
isaac_only,10.300000000000166,-0.5744139552116394,-2.5059821605682373,3.3688715972971743,isaac_only,0.06458421282690965,-0.2263370421325056
isaac_only,10.500000000000176,-0.5790435075759888,-2.4952809810638428,3.3586205295762155,isaac_only,0.0647385971993976,-0.17942753326947464
isaac_only,10.700000000000186,-0.5833829045295715,-2.48445987701416,3.3482329456264073,isaac_only,0.06456016035923581,-0.232798780410937
isaac_only,10.900000000000196,-0.5873855352401733,-2.4735710620880127,3.337755304396014,isaac_only,0.06472472266572903,-0.18413100873497534
isaac_only,11.100000000000206,-0.5910963416099548,-2.462553024291992,3.3271291637850675,isaac_only,0.06482652020496081,-0.14615356193452114
isaac_only,11.300000000000216,-0.5945722460746765,-2.4514384269714355,3.31639131965516,isaac_only,0.0646941688695113,-0.19408840467551314
isaac_only,11.500000000000226,-0.5977723598480225,-2.4403069019317627,3.3056162483844336,isaac_only,0.06481374804613403,-0.15144065913757337
isaac_only,11.700000000000236,-0.6007075905799866,-2.42903208732605,3.2946782526324863,isaac_only,0.06473365165392982,-0.18111804777069873
isaac_only,11.900000000000245,-0.6033870577812195,-2.4177424907684326,3.2837052509495845,isaac_only,0.06482959090647288,-0.14485371093334973
isaac_only,12.100000000000255,-0.6058177947998047,-2.4063987731933594,3.2726579725757206,isaac_only,0.06478400805772692,-0.16309003468297015
isaac_only,12.300000000000265,-0.6080374717712402,-2.3949668407440186,3.261505538921295,isaac_only,0.06485714807614425,-0.13262058285232994
isaac_only,12.500000000000275,-0.6100360751152039,-2.383486747741699,3.2502861964292684,isaac_only,0.06483676293229564,-0.14177140319072065
isaac_only,12.700000000000285,-0.6118259429931641,-2.3719589710235596,3.2390010909850737,isaac_only,0.0648963402078724,-0.11296690109485323
isaac_only,12.900000000000295,-0.6134063005447388,-2.360471248626709,3.22773688511032,isaac_only,0.06488889354773757,-0.11695528120076823
isaac_only,13.100000000000305,-0.614782989025116,-2.3492157459259033,3.216684790078261,isaac_only,0.0649271485542862,-0.09469956271790328
isaac_only,13.300000000000315,-0.6159998178482056,-2.338042736053467,3.2056999804250714,isaac_only,0.06495092410960211,-0.07772303263133255
isaac_only,13.500000000000325,-0.6170730590820312,-2.327162742614746,3.1949931674759764,isaac_only,0.06494228497367056,-0.08428783610771132
isaac_only,13.700000000000335,-0.6180751919746399,-2.3157765865325928,3.1837770385607476,isaac_only,0.06496197578411926,-0.06841315549942191
isaac_only,13.900000000000345,-0.6189830303192139,-2.3041586875915527,3.1723219447832944,isaac_only,0.06495889504700574,-0.07113089652330594
isaac_only,14.100000000000355,-0.6197927594184875,-2.2925119400024414,3.160829070419838,isaac_only,0.06497232334211417,-0.05836608309600252
isaac_only,14.300000000000365,-0.6205111742019653,-2.2807867527008057,3.1492496805815917,isaac_only,0.06497182432649311,-0.05888994617359988
isaac_only,14.500000000000373,-0.6211367249488831,-2.2691357135772705,3.1377351489286087,isaac_only,0.06498182627495945,-0.04729556425643344
isaac_only,14.700000000000362,-0.6216851472854614,-2.257436990737915,3.126165925104072,isaac_only,0.06498236816752813,-0.04658508135131734
isaac_only,14.90000000000035,-0.6221612095832825,-2.2457714080810547,3.114622754754683,isaac_only,0.06498816180320938,-0.03817136445654161
isaac_only,15.100000000000339,-0.6225800514221191,-2.2340714931488037,3.103040132915698,isaac_only,0.06498896785931757,-0.036848885203776376
isaac_only,15.300000000000328,-0.6229419112205505,-2.222388744354248,3.091469189706777,isaac_only,0.06499248580608123,-0.03041120987740231
isaac_only,15.500000000000316,-0.6232532858848572,-2.2107181549072266,3.0799055897948318,isaac_only,0.06499313452345715,-0.029068825288406912
isaac_only,15.700000000000305,-0.6235260963439941,-2.1990134716033936,3.0683046343034976,isaac_only,0.0649954236182423,-0.023732964311336313
isaac_only,15.900000000000293,-0.6237618923187256,-2.187291383743286,3.0566830369489995,isaac_only,0.06499587463463365,-0.022533145513313466
isaac_only,16.100000000000282,-0.6239618062973022,-2.1755549907684326,3.0450439613173197,isaac_only,0.06499729193615046,-0.01825657362367427
isaac_only,16.30000000000027,-0.6241360902786255,-2.1638529300689697,3.033436851611975,isaac_only,0.06499799936196923,-0.015691833422544835
isaac_only,16.50000000000026,-0.6242882609367371,-2.1521143913269043,3.0217917243302774,isaac_only,0.06499819207656207,-0.014916926138263452
isaac_only,16.700000000000248,-0.6244181394577026,-2.1404123306274414,3.0101810181376387,isaac_only,0.06499876890942591,-0.01230931834757223
isaac_only,16.900000000000237,-0.6245289444923401,-2.1287014484405518,2.9985600731909385,isaac_only,0.0649989178549984,-0.011540686577520857
isaac_only,17.100000000000225,-0.6246263384819031,-2.116956949234009,2.986904895001416,isaac_only,0.06499917232675943,-0.010092952588338772
isaac_only,17.300000000000214,-0.6247090101242065,-2.1052443981170654,2.975280449682535,isaac_only,0.06499923822766826,-0.009682808363677867
isaac_only,17.500000000000203,-0.6247820854187012,-2.093520402908325,2.963644217642067,isaac_only,0.06499942011033526,-0.008448144280400968
isaac_only,17.70000000000019,-0.62484210729599,-2.0818049907684326,2.9520156813369116,isaac_only,0.06499957536527157,-0.00722930098351976
isaac_only,17.90000000000018,-0.6248900294303894,-2.070093870162964,2.9403906786282348,isaac_only,0.06499972800881043,-0.005785832875551238
isaac_only,18.10000000000017,-0.6249298453330994,-2.0583672523498535,2.9287500188207516,isaac_only,0.06499975281698017,-0.005515663586608722
isaac_only,18.300000000000157,-0.6249681711196899,-2.0467283725738525,2.9171969943012117,isaac_only,0.06499967233219892,-0.006350462867551986
isaac_only,18.500000000000146,-0.6250092387199402,-2.0350868701934814,2.9056423770596633,isaac_only,0.0649995863923294,-0.007134816987496442
isaac_only,18.700000000000134,-0.6250500082969666,-2.0234484672546387,2.8940914985870383,isaac_only,0.06499952492184718,-0.007646648187067984
isaac_only,18.900000000000123,-0.625091016292572,-2.0117971897125244,2.882528571336691,isaac_only,0.06419753144440696,-0.3145937907109483
isaac_only,19.10000000000011,-0.6248417496681213,-2.00028395652771,2.8710685232424233,isaac_only,0.06451833085695857,-0.2436302889904169
isaac_only,19.3000000000001,-0.6241208910942078,-1.988818645477295,2.8595997079306423,isaac_only,0.06470696863437138,-0.18998034018854165
isaac_only,19.50000000000009,-0.6230301856994629,-1.9773019552230835,2.848035472796868,isaac_only,0.06493412840707637,-0.09004800206622936
isaac_only,19.700000000000077,-0.6217243671417236,-1.9657087326049805,2.836369371214962,isaac_only,0.06495738134727205,-0.07242890272982368
isaac_only,19.900000000000066,-0.6202938556671143,-1.9540929794311523,2.824665882100017,isaac_only,0.06417629333854839,-0.3187383377013733
isaac_only,20.100000000000055,-0.6185561418533325,-1.9428093433380127,2.813255105642344,isaac_only,0.06450970195707083,-0.2458055957255397
isaac_only,20.300000000000043,-0.6163343191146851,-1.9314987659454346,2.801759475609981,isaac_only,0.06378299246446668,-0.3876277870409631
isaac_only,20.500000000000032,-0.613645613193512,-1.9204515218734741,2.7904696791497883,isaac_only,0.06426519709771933,-0.30101194262753195
isaac_only,20.70000000000002,-0.6103673577308655,-1.9093173742294312,2.7790241025904177,isaac_only,0.06385361300949083,-0.3761787923368004
isaac_only,20.90000000000001,-0.6066170930862427,-1.8986088037490845,2.767946726644695,isaac_only,0.06433541342334154,-0.28624296843109354
isaac_only,21.099999999999998,-0.6023228168487549,-1.8880113363265991,2.7569182207882568,isaac_only,0.06462238038925792,-0.21568803981661946
isaac_only,21.299999999999986,-0.5975806713104248,-1.8774124383926392,2.7458397789909124,isaac_only,0.0643926178459526,-0.27362646053365225
isaac_only,21.499999999999975,-0.592540979385376,-1.867091178894043,2.7350075572508006,isaac_only,0.0646330398839728,-0.21261910128715936
isaac_only,21.699999999999964,-0.587100088596344,-1.8568776845932007,2.724242511922265,isaac_only,0.06454035500232082,-0.23798842855862212
isaac_only,21.899999999999952,-0.5813568830490112,-1.8468871116638184,2.7136720627259714,isaac_only,0.06473107458676151,-0.18199274922167968
isaac_only,22.09999999999994,-0.5752041935920715,-1.8368785381317139,2.7030467614503384,isaac_only,0.06499868231895348,0.012734860688129483
isaac_only,22.29999999999993,-0.5689886808395386,-1.826964020729065,2.692517562789758,isaac_only,0.06499917680588507,0.010065605427120499
isaac_only,22.49999999999992,-0.5627835988998413,-1.8170241117477417,2.681973932843229,isaac_only,0.06499951489727895,0.007726902649049004
isaac_only,22.699999999999907,-0.5565802454948425,-1.8070608377456665,2.6714170261641463,isaac_only,0.06480523507759611,0.15486461194263576
isaac_only,22.899999999999896,-0.5505005121231079,-1.7970234155654907,2.6608088036555464,isaac_only,0.06487652018047892,0.1232977309126886
isaac_only,23.099999999999884,-0.544624388217926,-1.7868986129760742,2.6501434606365852,isaac_only,0.06458709503124485,0.22555036714259805
isaac_only,23.299999999999873,-0.5390046834945679,-1.7766369581222534,2.639375898928731,isaac_only,0.06474439105318007,0.177426613477163
isaac_only,23.49999999999986,-0.5336694717407227,-1.7662339210510254,2.628503020837382,isaac_only,0.06484114267170865,0.1398557838707905
isaac_only,23.69999999999985,-0.5285646915435791,-1.7557330131530762,2.617561640481073,isaac_only,0.06458266887462275,0.2267573339782427
isaac_only,23.89999999999984,-0.5237634778022766,-1.7451698780059814,2.606593050098124,isaac_only,0.06473797531051537,0.17964098295558725
isaac_only,24.099999999999827,-0.519225537776947,-1.734420895576477,2.595469172118403,isaac_only,0.06453929342351009,0.2382634197455172
isaac_only,24.299999999999816,-0.5150312781333923,-1.723677158355713,2.5843865456125084,isaac_only,0.06470408612346583,0.19091316599073158
isaac_only,24.499999999999805,-0.5111134648323059,-1.7127302885055542,2.573130382481726,isaac_only,0.06480807312482746,0.15373159455225266
isaac_only,24.699999999999793,-0.5074135065078735,-1.7015888690948486,2.56170307799927,isaac_only,0.06466688205763133,0.20256899727163213
isaac_only,24.899999999999782,-0.5040153861045837,-1.6904489994049072,2.550306650540084,isaac_only,0.06478761457463894,0.1617219595679981
isaac_only,25.09999999999977,-0.5008841156959534,-1.6791993379592896,2.538826320113389,isaac_only,0.06469786322134415,0.19291166173332583
isaac_only,25.29999999999976,-0.49802443385124207,-1.667884349822998,2.5273061256681464,isaac_only,0.06481085910137643,0.1526111998270561
isaac_only,25.499999999999748,-0.4954475462436676,-1.65658700466156,2.5158290993468992,isaac_only,0.06475617974016108,0.17328423749559488
isaac_only,25.699999999999736,-0.49316108226776123,-1.645281434059143,2.5043695977538576,isaac_only,0.06486395624277466,0.12942059752538057
isaac_only,25.899999999999725,-0.4911591112613678,-1.634093165397644,2.4930517492912134,isaac_only,0.06484272355181704,0.13915786916601616
isaac_only,26.099999999999714,-0.48939529061317444,-1.6231456995010376,2.4819943671756093,isaac_only,0.06490028229484518,0.11079750736097697
isaac_only,26.299999999999702,-0.4877910315990448,-1.61204195022583,2.470794948490223,isaac_only,0.06488702699547767,0.11793387721408184
isaac_only,26.49999999999969,-0.4863779544830322,-1.6010990142822266,2.459771989008718,isaac_only,0.06493023812354425,0.09266937676652001
isaac_only,26.69999999999968,-0.48507586121559143,-1.589612603187561,2.4482168536477533,isaac_only,0.06495881923047257,0.0711964723502609
isaac_only,26.899999999999668,-0.4838903546333313,-1.5780012607574463,2.4365470237514923,isaac_only,0.06494885094635695,0.07934792969783787
isaac_only,27.099999999999657,-0.4828217327594757,-1.5662904977798462,2.4247879133938155,isaac_only,0.06496807118009429,0.06268989291264046
isaac_only,27.299999999999645,-0.4818701148033142,-1.5546000003814697,2.41305878608153,isaac_only,0.06496472837196893,0.065890182260469
isaac_only,27.499999999999634,-0.4810243248939514,-1.542863368988037,2.4012925439945563,isaac_only,0.06497807798363278,0.05194464357802524
isaac_only,27.699999999999623,-0.4802744686603546,-1.5311229228973389,2.389530547355349,isaac_only,0.06497684856170591,0.05338142892937523
isaac_only,27.89999999999961,-0.47962063550949097,-1.5194045305252075,2.377798609511452,isaac_only,0.06498614748828166,0.041291464981053516
isaac_only,28.0999999999996,-0.4790438413619995,-1.507659673690796,2.366046827037016,isaac_only,0.06498595269368737,0.04158078299922436
isaac_only,28.29999999999959,-0.47853970527648926,-1.4959099292755127,2.3542963727714312,isaac_only,0.06499135996416462,0.03261000743609281
isaac_only,28.499999999999577,-0.4780963957309723,-1.4841248989105225,2.342516003299798,isaac_only,0.06499152343858391,0.03230002745154042
isaac_only,28.699999999999566,-0.47770947217941284,-1.4723715782165527,2.330772143024175,isaac_only,0.0649949535439213,0.02492208505742757
isaac_only,28.899999999999554,-0.4773719608783722,-1.4605969190597534,2.3190113870590197,isaac_only,0.06499512275046425,0.024500701480001663
isaac_only,29.099999999999543,-0.4770777225494385,-1.4488208293914795,2.3072530928290904,isaac_only,0.06499707776201553,0.018964776681041046
isaac_only,29.29999999999953,-0.4768218994140625,-1.4370465278625488,2.2955000938133505,isaac_only,0.06499721571684612,0.018511711159333484
isaac_only,29.49999999999952,-0.4765990376472473,-1.4252593517303467,2.2837373533837515,isaac_only,0.06499838064892986,0.014117562631293447
isaac_only,29.69999999999951,-0.47640520334243774,-1.4134575128555298,2.271962789396456,isaac_only,0.06499901647745937,0.011002237651790729
isaac_only,29.899999999999498,-0.4762318730354309,-1.4016368389129639,2.2601715426809883,isaac_only,0.06499892238928442,0.011516482866606927
isaac_only,30.099999999999486,-0.47608017921447754,-1.3898409605026245,2.2484072062298015,isaac_only,0.06499934516641406,0.00897747393249136
isaac_only,30.299999999999475,-0.4759463667869568,-1.378077507019043,2.236677079048561,isaac_only,0.06499935439733674,0.008913973348695349
isaac_only,30.499999999999464,-0.47583094239234924,-1.3662855625152588,2.2249205497302267,isaac_only,0.06499964422088861,0.006617268188034352
isaac_only,30.699999999999456,-0.4757308065891266,-1.3545233011245728,2.2131953221189526,isaac_only,0.06499964806113263,0.006581458196736812
isaac_only,30.899999999999444,-0.4756444990634918,-1.3427997827529907,2.2015103127751567,isaac_only,0.06499982180158628,0.004683174402001952
isaac_only,31.099999999999433,-0.4755711555480957,-1.331014633178711,2.1897654913305407,isaac_only,0.06499985409145334,0.004237685888856505
isaac_only,31.29999999999942,-0.47550880908966064,-1.3191968202590942,2.1779895636696294,isaac_only,0.06499993328196882,0.002865563015584493
isaac_only,31.49999999999941,-0.4754541516304016,-1.3073580265045166,2.166193892502013,isaac_only,0.06499995271610456,0.002412375813910859
isaac_only,31.6999999999994,-0.47540903091430664,-1.295543909072876,2.1544241353834175,isaac_only,0.06499998054057216,0.0015475808940893154
isaac_only,31.899999999999388,-0.475372314453125,-1.2837647199630737,2.1426904166056904,isaac_only,0.06499998553414671,0.0013343210930252837
isaac_only,32.099999999999376,-0.4753398895263672,-1.2720363140106201,2.1310081629172504,isaac_only,0.06499999890507381,0.00036709691720198686
isaac_only,32.299999999999365,-0.4753137528896332,-1.260361671447754,2.119380533642694,isaac_only,0.06499999999453024,-2.5946116474099525e-05
isaac_only,32.49999999999935,-0.47529464960098267,-1.2486722469329834,2.1077393577502668,isaac_only,0.06499999558748129,-0.0007369390969474773
isaac_only,32.69999999999934,-0.47527894377708435,-1.236983060836792,2.0960992729597514,isaac_only,0.06499999636622249,-0.0006687556801040012
isaac_only,32.89999999999933,-0.4752645790576935,-1.2252801656723022,2.084446214673681,isaac_only,0.0649999942820998,-0.0008388930644655575
isaac_only,33.09999999999932,-0.4752512574195862,-1.2136365175247192,2.0728527998836483,isaac_only,0.06499995877314661,-0.00225257070924056
isaac_only,33.29999999999931,-0.4752442240715027,-1.2019048929214478,2.0611729662083826,isaac_only,0.06499997084544185,-0.001894268613553515
isaac_only,33.4999999999993,-0.475236713886261,-1.190181016921997,2.0495013921093053,isaac_only,0.06499996374745654,-0.0021123096169345366
isaac_only,33.699999999999285,-0.4752291738986969,-1.1784650087356567,2.0378382472625534,isaac_only,0.064999976204467,-0.001711338997132398
isaac_only,33.899999999999274,-0.47522222995758057,-1.1667509078979492,2.026177668314606,isaac_only,0.06499996798208545,-0.001985111264199543
isaac_only,34.09999999999926,-0.47521573305130005,-1.155035138130188,2.01451609265538,isaac_only,0.0649999772477201,-0.001673403946228234
isaac_only,34.29999999999925,-0.47520965337753296,-1.1433169841766357,2.0028528174029203,isaac_only,0.06499996945543846,-0.0019388994160851793
isaac_only,34.49999999999924,-0.4752040505409241,-1.1315977573394775,1.9911891656094431,isaac_only,0.06499997701550025,-0.0016819220176759338
isaac_only,34.69999999999923,-0.4751991629600525,-1.1198760271072388,1.9795237496408333,isaac_only,0.06499996951145279,-0.001937120769205907
isaac_only,34.89999999999922,-0.4751940667629242,-1.1081827878952026,1.9678873327780932,isaac_only,0.06499997661935904,-0.0016963541852722409
isaac_only,35.099999999999206,-0.47519081830978394,-1.0965481996536255,1.9563101362328046,isaac_only,0.06499995551081642,-0.002339998386683314
isaac_only,35.299999999999194,-0.47519150376319885,-1.0849062204360962,1.9447266658900006,isaac_only,0.06499994518558101,-0.0025973815618647086
isaac_only,35.49999999999918,-0.4751948416233063,-1.073323130607605,1.9332027547379986,isaac_only,0.06499990906830222,-0.003345384310139748
isaac_only,35.69999999999917,-0.47519823908805847,-1.0616763830184937,1.9216162327410096,isaac_only,0.06499996070328638,-0.0021992087408623045
isaac_only,35.89999999999916,-0.4751974940299988,-1.0500462055206299,1.9100465033053347,isaac_only,0.06499993885340385,-0.0027433075093307004
isaac_only,36.09999999999915,-0.4751991331577301,-1.0383939743041992,1.898455820864404,isaac_only,0.06499990497002109,-0.003419941557331304
isaac_only,36.29999999999914,-0.47520166635513306,-1.026718020439148,1.886842393733206,isaac_only,0.0649999157485613,-0.003220156841012344
isaac_only,36.499999999999126,-0.47520530223846436,-1.0150573253631592,1.8752450338323232,isaac_only,0.06499990714189274,-0.0033806349768211574
isaac_only,36.699999999999115,-0.4752076268196106,-1.0034258365631104,1.8636773726179674,isaac_only,0.06499992134435212,-0.003111381859632293
isaac_only,36.8999999999991,-0.47520938515663147,-0.9917824268341064,1.8520985966865158,isaac_only,0.06499989484109243,-0.00359758784020631
isaac_only,37.09999999999909,-0.47521430253982544,-0.9801449775695801,1.8405268981569571,isaac_only,0.06499990857907559,-0.003354371583338991
isaac_only,37.29999999999908,-0.4752173125743866,-0.9684501886367798,1.828898818328096,isaac_only,0.0649999025212887,-0.0034637238414823527
isaac_only,37.49999999999907,-0.4752178192138672,-0.9567530155181885,1.817268955334539,isaac_only,0.06499993661966716,-0.002792965738747662
isaac_only,37.69999999999906,-0.4752148389816284,-0.9450787305831909,1.805662338963402,isaac_only,0.0649999481924917,-0.0025251355527963616
isaac_only,37.89999999999905,-0.4752150774002075,-0.9334570169448853,1.7941092100912692,isaac_only,0.0649999278117108,-0.002980723764886012
isaac_only,38.099999999999035,-0.47521868348121643,-0.9217649698257446,1.7824874312829702,isaac_only,0.06499992145096227,-0.0031092725550409734
isaac_only,38.299999999999024,-0.4752179682254791,-0.9100898504257202,1.7708829257434604,isaac_only,0.06499993411912554,-0.002847528171692293
isaac_only,38.49999999999901,-0.4752190113067627,-0.898404061794281,1.7592689463735585,isaac_only,0.06499993450687827,-0.0028391360056894423
isaac_only,38.699999999999,-0.475216805934906,-0.8866747617721558,1.7476123224261726,isaac_only,0.06499997109124879,-0.001886266262509363
isaac_only,38.89999999999899,-0.4752119779586792,-0.874993622303009,1.7360042377035247,isaac_only,0.06499996205913745,-0.0021609361572480306
isaac_only,39.09999999999898,-0.47521042823791504,-0.8633613586425781,1.7244460723903114,isaac_only,0.06499994471004014,-0.002608623986231608
isaac_only,39.29999999999897,-0.475210577249527,-0.8517702221870422,1.7129299631311927,isaac_only,0.0649999332160991,-0.0028669772305844536
isaac_only,39.499999999998956,-0.47520846128463745,-0.8401427865028381,1.7013785534456154,isaac_only,0.06499995992165868,-0.0022209726336551217
isaac_only,39.699999999998944,-0.4752064347267151,-0.8284705281257629,1.6897836743043453,isaac_only,0.06499994239999542,-0.002662561244510111
isaac_only,39.89999999999893,-0.4752069115638733,-0.816775918006897,1.6781679591656016,isaac_only,0.06499993513952802,-0.002825389999204899
isaac_only,40.09999999999892,-0.47520631551742554,-0.8050668239593506,1.6665388376478902,isaac_only,0.06499996482945072,-0.0020805488168363813
isaac_only,40.29999999999891,-0.4752024710178375,-0.7933447360992432,1.6548975576622744,isaac_only,0.06499997983822116,-0.0015752618299585638
isaac_only,40.4999999999989,-0.475199431180954,-0.7820754051208496,1.6437070742482536,isaac_only,0.06499996665404793,-0.002025862169269404
isaac_only,40.69999999999889,-0.47519442439079285,-0.7709668278694153,1.6326770410483171,isaac_only,0.06499997023505004,-0.001913995490061294
isaac_only,40.899999999998876,-0.47519245743751526,-0.7597156763076782,1.6215069084006957,isaac_only,0.06499997303664429,-0.0018216934669327714
isaac_only,41.099999999998865,-0.4751889705657959,-0.747925341129303,1.60980251274923,isaac_only,0.06499998444643718,-0.0013835767893634874
isaac_only,41.29999999999885,-0.47518491744995117,-0.7362081408500671,1.5981718987952989,isaac_only,0.06499997202457643,-0.0018555671107174506
isaac_only,41.49999999999884,-0.4751805067062378,-0.7244774103164673,1.5865290875981295,isaac_only,0.06499997929894694,-0.0015961898540672163
isaac_only,41.69999999999883,-0.4751768410205841,-0.7127445936203003,1.5748856035154593,isaac_only,0.0649999766490045,-0.0016952783984194445
isaac_only,41.89999999999882,-0.4751714766025543,-0.7010175585746765,1.5632489796210236,isaac_only,0.06411920038864026,-0.3296237635609133
isaac_only,42.09999999999881,-0.4748479127883911,-0.689428985118866,1.5517110908097855,isaac_only,0.06446573522827678,-0.2566046404421298
isaac_only,42.299999999998796,-0.4740239977836609,-0.6778947710990906,1.5401648428878956,isaac_only,0.06484334338051781,-0.13888327644001888
isaac_only,42.499999999998785,-0.4728778004646301,-0.6662774085998535,1.5284956740999829,isaac_only,0.06490177507388435,-0.10996484747416381
isaac_only,42.699999999998774,-0.4715422987937927,-0.6546281576156616,1.5167710258694656,isaac_only,0.06498905072409239,-0.036710230513815195
isaac_only,42.89999999999876,-0.4700975716114044,-0.642952024936676,1.5050059254019814,isaac_only,0.0649931781035065,-0.02897641656616031
isaac_only,43.09999999999875,-0.4686138331890106,-0.6313563585281372,1.4933157198067644,isaac_only,0.06499658959379029,0.0204877029770958
isaac_only,43.29999999999874,-0.46713149547576904,-0.6197505593299866,1.4816156395130982,isaac_only,0.06499791636341469,0.016014023537325308
isaac_only,43.49999999999873,-0.46567845344543457,-0.6081369519233704,1.4699115138804328,isaac_only,0.06498017658133699,0.04939564148326689
isaac_only,43.69999999999872,-0.4642801880836487,-0.5964857935905457,1.4581770601608763,isaac_only,0.06498722390247598,0.03965468808216203
isaac_only,43.899999999998705,-0.4629528224468231,-0.5848715901374817,1.446488235494822,isaac_only,0.06496935473824574,0.06141678055636664
isaac_only,44.099999999998694,-0.4617132246494293,-0.5732389092445374,1.4347922110187503,isaac_only,0.06498172077148338,0.047432653893495345
isaac_only,44.29999999999868,-0.46056410670280457,-0.5615851879119873,1.4230868347932613,isaac_only,0.06497034713168737,0.06041408209080894
isaac_only,44.49999999999867,-0.45950308442115784,-0.5499094128608704,1.4113708660494506,isaac_only,0.06498158601263007,0.04760718350257785
isaac_only,44.69999999999866,-0.45852962136268616,-0.5382061004638672,1.399638883094136,isaac_only,0.06498847354727305,0.03766539878365973
isaac_only,44.89999999999865,-0.4576263725757599,-0.52652508020401,1.3879381919469898,isaac_only,0.064980089626698,0.049503864469730284
isaac_only,45.09999999999864,-0.4567957818508148,-0.5148311257362366,1.3762342643091996,isaac_only,0.06498761044145687,0.03905018807141579
isaac_only,45.299999999998626,-0.45603877305984497,-0.5031262636184692,1.3645293455673626,isaac_only,0.06498282964080707,0.045971382667683344
isaac_only,45.499999999998614,-0.4553528428077698,-0.4914180636405945,1.3528307510335684,isaac_only,0.06498943652722862,0.03605766135030439
isaac_only,45.6999999999986,-0.45473572611808777,-0.4796878397464752,1.3411198026841837,isaac_only,0.06498698706557446,0.04002056186094027
isaac_only,45.89999999999859,-0.454181432723999,-0.46795934438705444,1.329419424020478,isaac_only,0.06499202473490745,0.031330355272607725
isaac_only,46.09999999999858,-0.4536871612071991,-0.456237256526947,1.3177340400502906,isaac_only,0.06499081621750634,0.033620504298605164
isaac_only,46.29999999999857,-0.45324450731277466,-0.4444993734359741,1.3060406912267994,isaac_only,0.0649942228054451,0.026665518238662207
isaac_only,46.49999999999856,-0.4528537094593048,-0.43279343843460083,1.2943868859675256,isaac_only,0.06499385863300929,0.02749313469961845
isaac_only,46.699999999998546,-0.45250797271728516,-0.42108169198036194,1.2827344496577175,isaac_only,0.06499618937431798,0.02165651556775398
isaac_only,46.899999999998535,-0.4522011876106262,-0.4093424081802368,1.271061190523772,isaac_only,0.06499607200910507,0.02198749422854762
isaac_only,47.09999999999852,-0.4519328474998474,-0.39761295914649963,1.2594042241789136,isaac_only,0.06499759652101371,0.017199262232907315
isaac_only,47.29999999999851,-0.45169687271118164,-0.3858708441257477,1.2477405817953058,isaac_only,0.06499772650835557,0.016727701199523586
isaac_only,47.4999999999985,-0.4514949917793274,-0.3741535544395447,1.2361077853700149,isaac_only,0.0649986850799383,0.012721511739342864
isaac_only,47.69999999999849,-0.4513182044029236,-0.3624621033668518,1.224505728553612,isaac_only,0.0649987305689195,0.012499527190877427
isaac_only,47.89999999999848,-0.45116472244262695,-0.3507470190525055,1.2128853061903009,isaac_only,0.06499932655553725,0.009104153747835311
isaac_only,48.09999999999847,-0.45103099942207336,-0.33905357122421265,1.201290971415488,isaac_only,0.0649995878105237,0.007122574400119783
isaac_only,48.299999999998455,-0.4509110748767853,-0.327347069978714,1.1896876559429375,isaac_only,0.06499956361827397,0.0073286137995002484
isaac_only,48.499999999998444,-0.450806587934494,-0.31559497117996216,1.1780435167352015,isaac_only,0.06499979414162486,0.005033530448462381
isaac_only,48.69999999999843,-0.450716495513916,-0.3038400709629059,1.166400887859846,isaac_only,0.06499971595067769,0.005912693299624378
isaac_only,48.89999999999842,-0.45063772797584534,-0.2921088635921478,1.1547856469945001,isaac_only,0.06499989828696773,0.0035381535176088586
isaac_only,49.09999999999841,-0.4505716562271118,-0.28040117025375366,1.1431979249539932,isaac_only,0.06499989853762678,0.0035337911586049353
isaac_only,49.2999999999984,-0.4505143165588379,-0.2686728835105896,1.1315936339752999,isaac_only,0.06499997655738549,0.001698600906020372
isaac_only,49.49999999999839,-0.45046529173851013,-0.25692230463027954,1.1199711622070923,isaac_only,0.06499996394909195,0.0021064271284315828
isaac_only,49.699999999998376,-0.4504234194755554,-0.24519018828868866,1.1083707369060023,isaac_only,0.06499999011744408,0.00110286654069076
isaac_only,49.899999999998364,-0.45038652420043945,-0.23346571624279022,1.096781439441154,isaac_only,0.06499999548195694,0.0007456988970172127
isaac_only,50.09999999999835,-0.4503578841686249,-0.2217320054769516,1.0851872189912943,isaac_only,0.0649999996376409,0.0002111824869917133
isaac_only,50.29999999999834,-0.450330913066864,-0.21002011001110077,1.0736178340425133,isaac_only,0.0649999985351211,-0.00042460898314454606
isaac_only,50.49999999999833,-0.4503113031387329,-0.1982875019311905,1.0620323096224282,isaac_only,0.06499999603193622,-0.0006988398141506179
isaac_only,50.69999999999832,-0.45029446482658386,-0.18656621873378754,1.0504616749651723,isaac_only,0.06499999264872731,-0.0009511950593126091
isaac_only,50.89999999999831,-0.45028063654899597,-0.17481748759746552,1.0388678347456488,isaac_only,0.06499998539556727,-0.0013406970989725353
isaac_only,51.099999999998296,-0.4502679109573364,-0.16307789087295532,1.02728670510105,isaac_only,0.06499998283610256,-0.0014534372286210265
isaac_only,51.299999999998285,-0.450255423784256,-0.15134978294372559,1.0157205802431115,isaac_only,0.06499998175730921,-0.001498417283548484
isaac_only,51.49999999999827,-0.4502454698085785,-0.13964056968688965,1.0041772638137825,isaac_only,0.06499996693298118,-0.0020173713777035637
isaac_only,51.69999999999826,-0.450234979391098,-0.12788686156272888,0.9925939059984659,isaac_only,0.06499998745259969,-0.0012426968547741071
isaac_only,51.89999999999825,-0.4502280056476593,-0.1161324679851532,0.9810145358769474,isaac_only,0.06499997315768004,-0.0018176001695354826
isaac_only,52.09999999999824,-0.4502182602882385,-0.10441368073225021,0.9694739450363976,isaac_only,0.06499999113963975,-0.0010442729061669335
isaac_only,52.29999999999823,-0.4502106308937073,-0.09265127778053284,0.957895135372607,isaac_only,0.06499996433898626,-0.0020950055481343917
isaac_only,52.49999999999822,-0.4502064287662506,-0.08093755692243576,0.9463693588034611,isaac_only,0.06499996469413141,-0.0020845474484871085
isaac_only,52.699999999998205,-0.45020127296447754,-0.06921925395727158,0.9348435752383879,isaac_only,0.06499997917077276,-0.0016011237729824514
isaac_only,52.899999999998194,-0.4501892924308777,-0.05753621086478233,0.923356036038607,isaac_only,0.06499998843914752,0.0011928429042697296
isaac_only,53.09999999999818,-0.45015835762023926,-0.046000152826309204,0.9120143313198464,isaac_only,0.06499991132636182,0.0033035860858682763
isaac_only,53.29999999999817,-0.45012742280960083,-0.034445878118276596,0.9006596756335025,isaac_only,0.06499988118105089,0.0038241175603015974
isaac_only,53.49999999999816,-0.45009610056877136,-0.022779865190386772,0.8892004141420826,isaac_only,0.06499988015299492,0.0038406256206721034
isaac_only,53.69999999999815,-0.4500694274902344,-0.011103027500212193,0.8777368820648288,isaac_only,0.06499992057598034,0.0031265421713649617
isaac_only,53.89999999999814,-0.4500493109226227,0.0005514745716936886,0.8663022368074451,isaac_only,0.06499994265997328,0.002656545707713324
isaac_only,54.099999999998126,-0.450030118227005,0.012181299738585949,0.8548978977702627,isaac_only,0.06499995685323261,0.002304424431291156
isaac_only,54.299999999998114,-0.4500161111354828,0.023861831054091454,0.8434510965283828,isaac_only,0.06499997240718584,0.0018428344762138793
isaac_only,54.4999999999981,-0.4500087797641754,0.03556554391980171,0.8319894641445601,isaac_only,0.06499999420618989,0.0008444432080092259
isaac_only,54.69999999999809,-0.4500029683113098,0.047243330627679825,0.8205603447988434,isaac_only,0.06415010327958919,-0.3237768119191815
isaac_only,54.89999999999808,-0.44970279932022095,0.05877353623509407,0.8092208333075942,isaac_only,0.0644604735650811,-0.2578668643689743
isaac_only,55.09999999999807,-0.4489179253578186,0.07027795910835266,0.797809329701919,isaac_only,0.0648375666773367,-0.14142180032716192
isaac_only,55.29999999999806,-0.4478070139884949,0.08192688971757889,0.7861904964336869,isaac_only,0.06490145691313462,-0.11014284223111129
isaac_only,55.499999999998046,-0.4464982748031616,0.09360558539628983,0.7745025409616927,isaac_only,0.06498788800137786,-0.03861028128679248
isaac_only,55.699999999998035,-0.4450800120830536,0.10531549155712128,0.7627623663397094,isaac_only,0.06499201159158058,-0.03135616156285942
isaac_only,55.89999999999802,-0.44362401962280273,0.11694340407848358,0.7510957280011414,isaac_only,0.06499734315178539,0.018083111762200822
isaac_only,56.09999999999801,-0.44223085045814514,0.12802407145500183,0.7399784390364258,isaac_only,0.06499823182547083,0.014752032645299276
isaac_only,56.299999999998,-0.4409295320510864,0.13876743614673615,0.7292119542159663,isaac_only,0.0644564951706593,-0.25881717985253105
isaac_only,56.49999999999799,-0.4394378662109375,0.1494317352771759,0.7184819599117612,isaac_only,0.06467418613654725,-0.20033400397769527
isaac_only,56.69999999999798,-0.43755823373794556,0.16025958955287933,0.7075071948908954,isaac_only,0.0647881562256223,-0.16151549417811364
isaac_only,56.899999999997966,-0.43544450402259827,0.17097888886928558,0.696586436267619,isaac_only,0.06405259437643218,-0.34188906732127206
isaac_only,57.099999999997955,-0.4328691363334656,0.18191523849964142,0.6853511664776902,isaac_only,0.06443350798502159,-0.2642415647942668
isaac_only,57.299999999997944,-0.42977482080459595,0.19286872446537018,0.6739836869189182,isaac_only,0.06493166371070841,-0.09171747027274896
isaac_only,57.49999999999793,-0.426427960395813,0.20382648706436157,0.6625566816546803,isaac_only,0.06495395412058197,-0.07528515384508756
isaac_only,57.69999999999792,-0.42294806241989136,0.21485252678394318,0.6510349155631691,isaac_only,0.06454651241151976,-0.2363871353949941
isaac_only,57.89999999999791,-0.4192558526992798,0.225691020488739,0.6396513850601713,isaac_only,0.06472457571097219,-0.18418018541606143
isaac_only,58.0999999999979,-0.415244996547699,0.23642680048942566,0.6283019021528028,isaac_only,0.06483091223341075,-0.14429078627379724
isaac_only,58.29999999999789,-0.4109625518321991,0.2471606582403183,0.6169006905131876,isaac_only,0.06499798727011931,0.01573918292535771
isaac_only,58.499999999997875,-0.4065886437892914,0.25790148973464966,0.6054794221068618,isaac_only,0.06499855123072981,0.01335330395116496
isaac_only,58.699999999997864,-0.40222591161727905,0.26868829131126404,0.5940222858860539,isaac_only,0.06481475544910896,-0.15103035105878607
isaac_only,58.89999999999785,-0.3977605402469635,0.2794031500816345,0.5826219271328692,isaac_only,0.06488149228743453,-0.12078906753370165
isaac_only,59.09999999999784,-0.39310964941978455,0.2900308072566986,0.5712786444577209,isaac_only,0.06499093186047901,0.033408152626281565
isaac_only,59.29999999999783,-0.38838449120521545,0.3007012605667114,0.5598895454255359,isaac_only,0.06499425776167418,0.02658472175399822
isaac_only,59.49999999999782,-0.3837084174156189,0.3113827705383301,0.5485106705578455,isaac_only,0.06499656935404877,0.020548407774905048
isaac_only,59.69999999999781,-0.3790643811225891,0.3220932185649872,0.537121328465251,isaac_only,0.06484387482706601,-0.1386474058901966
isaac_only,59.899999999997796,-0.37435004115104675,0.3327091932296753,0.5258247892923056,isaac_only,0.06489975571958585,-0.11108973917402339
isaac_only,60.099999999997785,-0.3694634437561035,0.343245267868042,0.5145911642331551,isaac_only,0.0646636975174448,-0.20353578606281017
isaac_only,60.29999999999777,-0.3643752336502075,0.3535950183868408,0.5035246625776021,isaac_only,0.06479500945175401,-0.15888007491877773
isaac_only,60.49999999999776,-0.35901713371276855,0.36386311054229736,0.4925167841929776,isaac_only,0.06499700147212545,0.019210737155172356
isaac_only,60.69999999999775,-0.3535356819629669,0.3741673231124878,0.4814812903070006,isaac_only,0.06499825218993209,0.014666835014399667
isaac_only,60.89999999999774,-0.3480831980705261,0.38448742032051086,0.47046496543245725,isaac_only,0.06499901796841615,0.010993895126368872
isaac_only,61.09999999999773,-0.34265539050102234,0.39481526613235474,0.45947670224397086,isaac_only,0.06483168617485166,0.14396004368948306
isaac_only,61.299999999997716,-0.33735913038253784,0.4051907956600189,0.4484922497700579,isaac_only,0.0648957903317893,0.11326620808617131
isaac_only,61.499999999997705,-0.33222872018814087,0.4157090187072754,0.43742027347242235,isaac_only,0.06466094591901309,0.20436746841666903
isaac_only,61.699999999997694,-0.3273409605026245,0.4263445734977722,0.4262922553203325,isaac_only,0.06479139123211954,0.16027685551495224
isaac_only,61.89999999999768,-0.3227042257785797,0.4371512830257416,0.4150514594681474,isaac_only,0.06487154573968536,0.1257575648579827
isaac_only,62.09999999999767,-0.31828394532203674,0.4480281174182892,0.40379085533937664,isaac_only,0.06466661789813943,0.20264936779907372
isaac_only,62.29999999999766,-0.31410375237464905,0.4590342044830322,0.39245040347825716,isaac_only,0.06479191305210186,0.16007616220933132
isaac_only,62.49999999999765,-0.3102010488510132,0.4701775908470154,0.38102121443100584,isaac_only,0.0646469910371409,0.20853450639437174
isaac_only,62.699999999997644,-0.30663591623306274,0.48125022649765015,0.3697105185027998,isaac_only,0.06477999104193255,0.16460047028048735
isaac_only,62.89999999999763,-0.3033501207828522,0.4925011992454529,0.3582605485976835,isaac_only,0.06469575428514157,0.1935842838119948
isaac_only,63.09999999999762,-0.30035772919654846,0.5037848949432373,0.34681311409389526,isaac_only,0.0648138347587379,0.15140538536222642
isaac_only,63.29999999999761,-0.297612726688385,0.5152429342269897,0.33522007879355203,isaac_only,0.06476061416861843,0.17170024442766324
isaac_only,63.4999999999976,-0.29513728618621826,0.5266909003257751,0.3236632684832206,isaac_only,0.06484940500228,0.1361687570988087
isaac_only,63.69999999999759,-0.2929035425186157,0.5381699800491333,0.3120968803946743,isaac_only,0.06481907924847159,0.14925651348795504
isaac_only,63.899999999997576,-0.2908828556537628,0.5497366189956665,0.30046053737443484,isaac_only,0.06488737525184107,0.11775190980156433
isaac_only,64.09999999999756,-0.28907087445259094,0.561390221118927,0.28875229043094447,isaac_only,0.06492886859240182,0.09357474012647045
isaac_only,64.29999999999755,-0.2874274253845215,0.5730287432670593,0.27707082795571814,isaac_only,0.06490639718956735,0.10734575877838776
isaac_only,64.49999999999754,-0.28594085574150085,0.5846866369247437,0.2653798681008869,isaac_only,0.06494045969611142,0.08561049250985332
isaac_only,64.69999999999753,-0.28460702300071716,0.5963620543479919,0.2536797826700033,isaac_only,0.06492972354055905,0.09301058774052927
isaac_only,64.89999999999752,-0.2834209203720093,0.6080290675163269,0.24199511330440104,isaac_only,0.06495588945738003,0.07368584675697946
isaac_only,65.09999999999751,-0.28236719965934753,0.6197264194488525,0.23028574757043258,isaac_only,0.06495188195783592,0.0769607133509927
isaac_only,65.2999999999975,-0.2814326584339142,0.6314210891723633,0.21858360590122997,isaac_only,0.06496967947137783,0.06109048641359012
isaac_only,65.49999999999748,-0.2806071639060974,0.6431528329849243,0.20684805812521295,isaac_only,0.06496897011230551,0.06180102748965386
isaac_only,65.69999999999747,-0.2798803746700287,0.6549270749092102,0.19507296176993993,isaac_only,0.06498046258870249,0.04903799484003325
isaac_only,65.89999999999746,-0.2792435884475708,0.6666648387908936,0.18333672161900813,isaac_only,0.06498049809281331,0.048993415514200854
isaac_only,66.09999999999745,-0.2786882817745209,0.6784104108810425,0.17159460276685776,isaac_only,0.06498802514836788,0.03839105558489008
isaac_only,66.29999999999744,-0.2782054841518402,0.6901652812957764,0.1598447921903857,isaac_only,0.06498844195562026,0.03771698157483156
isaac_only,66.49999999999743,-0.2777843177318573,0.701933741569519,0.14808283537775513,isaac_only,0.06499277974238354,0.029810460306667404
isaac_only,66.69999999999742,-0.2774191200733185,0.7136813402175903,0.1363430891027055,isaac_only,0.064995706141175,0.022988709203918958
isaac_only,66.8999999999974,-0.2770980894565582,0.7254768013954163,0.12455700733205956,isaac_only,0.06499730174465959,0.01822348107850575
hybrid,0.2666666666666657,-0.2799828350543976,-3.0000741481781006,3.8500741482163643,isaac_route,0.05491034901183251,0.55
hybrid,0.2833333333333323,-0.27998319268226624,-2.999764919281006,3.8497649193176944,policy,0.065,0.55
hybrid,0.4999999999999982,-0.28062736988067627,-2.987450361251831,3.8374504125349653,policy,0.065,0.55
hybrid,0.6999999999999975,-0.2822927236557007,-2.9757559299468994,3.8257566169459376,policy,0.065,0.55
hybrid,0.8999999999999968,-0.2850084602832794,-2.964073896408081,3.8140771848424793,policy,0.065,0.55
hybrid,1.099999999999996,-0.28862670063972473,-2.952936887741089,3.802946672266889,policy,0.065,0.55
hybrid,1.2999999999999954,-0.2932608127593994,-2.942081928253174,3.7921051145424953,policy,0.065,0.55
hybrid,1.4999999999999947,-0.29889196157455444,-2.9314119815826416,3.78145917347641,policy,0.065,0.4864815711975098
hybrid,1.699999999999994,-0.305233359336853,-2.9215195178985596,3.7716039288760435,policy,0.065,0.4026546955108643
hybrid,1.8999999999999932,-0.31220319867134094,-2.9120380878448486,3.7621759156636987,policy,0.065,0.21649580001831056
hybrid,2.0999999999999925,-0.31957167387008667,-2.902900218963623,3.7531088407971986,policy,0.065,-0.18719024658203126
hybrid,2.299999999999992,-0.32691359519958496,-2.8937582969665527,3.744052226067427,isaac_route,0.0649429064946967,0.08383270181501613
hybrid,2.499999999999991,-0.3342251777648926,-2.8845646381378174,3.734958287094125,policy,0.065,-0.2717137336730957
hybrid,2.699999999999991,-0.3413121998310089,-2.875333547592163,3.7258380569562775,policy,0.065,-0.55
hybrid,2.89999999999999,-0.3478817641735077,-2.865532398223877,3.716152437153054,isaac_route,0.06482284814027443,0.14769298173207082
hybrid,3.0999999999999894,-0.3541330397129059,-2.855619430541992,3.7063608933275014,policy,0.065,-0.00794222354888916
hybrid,3.2999999999999887,-0.36047375202178955,-2.845754861831665,3.696630901715352,isaac_route,0.06470578683850112,0.19036333908838812
hybrid,3.499999999999988,-0.36691856384277344,-2.836033344268799,3.687057994092569,policy,0.065,-0.03219482898712158
hybrid,3.6999999999999873,-0.37345999479293823,-2.826340436935425,3.67752821591803,policy,0.065,-0.4447086334228516
hybrid,3.8999999999999866,-0.37961047887802124,-2.8164055347442627,3.6677584152593354,isaac_route,0.0648557089114292,0.13328719927030555
hybrid,4.099999999999985,-0.38556182384490967,-2.806345224380493,3.6578687371888434,policy,0.065,0.12868280410766603
hybrid,4.299999999999985,-0.3917209208011627,-2.7963569164276123,3.648068026520907,policy,0.065,-0.034992313385009764
hybrid,4.499999999999984,-0.3978760242462158,-2.786485433578491,3.638395397111293,policy,0.065,-0.42902603149414065
hybrid,4.699999999999983,-0.4036765396595001,-2.7763280868530273,3.6284364787000594,isaac_route,0.06481303880686921,0.15172886296353805
hybrid,4.899999999999983,-0.40931856632232666,-2.7660186290740967,3.618330280309769,policy,0.065,0.1486842155456543
hybrid,5.099999999999982,-0.4151799976825714,-2.7558200359344482,3.6083530541397644,policy,0.065,0.013222718238830568
hybrid,5.299999999999981,-0.4211115837097168,-2.7457356452941895,3.598503481990296,isaac_route,0.06475519640335728,0.17363353619699481
hybrid,5.4999999999999805,-0.4271778464317322,-2.7357375621795654,3.5887567740522255,policy,0.065,-0.03107166290283203
hybrid,5.69999999999998,-0.4333586096763611,-2.7257370948791504,3.579024257371924,policy,0.065,-0.3733616352081299
hybrid,5.899999999999979,-0.4391920566558838,-2.7155771255493164,3.569129074318111,isaac_route,0.06491839864517243,0.10022647237806498
hybrid,6.099999999999978,-0.44482240080833435,-2.705348253250122,3.5591667038362953,policy,0.065,0.11297069787979126
hybrid,6.299999999999978,-0.4506317377090454,-2.6951611042022705,3.5492650569747917,policy,0.065,-0.10828863382339478
hybrid,6.499999999999977,-0.4564042091369629,-2.685004472732544,3.5394032077795727,policy,0.065,-0.2898721218109131
hybrid,6.699999999999987,-0.46183839440345764,-2.6747522354125977,3.5294395479630096,isaac_route,0.06487816258822794,0.12247473498072674
hybrid,6.899999999999997,-0.4672151505947113,-2.664393663406372,3.5193766968034357,policy,0.065,0.12966840267181398
hybrid,7.100000000000007,-0.47281935811042786,-2.6540439128875732,3.509345102480885,policy,0.065,0.014624452590942383
hybrid,7.300000000000017,-0.4785006642341614,-2.6437766551971436,3.4994110690374667,policy,0.065,-0.24945216178894045
hybrid,7.500000000000027,-0.48392555117607117,-2.6335337162017822,3.489497497110016,policy,0.065,-0.4706042289733887
hybrid,7.700000000000037,-0.4888383746147156,-2.6228506565093994,3.4791241928292074,isaac_route,0.06446960063086524,0.2556734179345972
hybrid,7.9000000000000465,-0.4935915768146515,-2.6120831966400146,3.468665654418614,policy,0.065,0.470647144317627
hybrid,8.100000000000056,-0.49890831112861633,-2.6016664505004883,3.4586011817195437,policy,0.065,0.31594080924987794
hybrid,8.300000000000066,-0.5048637986183167,-2.5915591716766357,3.44889739773172,policy,0.065,0.031345534324646
hybrid,8.500000000000076,-0.5110714435577393,-2.5815987586975098,3.439369717364236,policy,0.065,-0.1718775272369385
hybrid,8.700000000000086,-0.5171554088592529,-2.571582078933716,3.4297910447768634,policy,0.065,-0.4310295104980469
hybrid,8.900000000000096,-0.5227544903755188,-2.561310291290283,3.4199367897755764,policy,0.065,-0.55
hybrid,9.100000000000106,-0.5277178287506104,-2.5503623485565186,3.409373582369893,isaac_route,0.06488852755214962,0.11714780893131285
hybrid,9.300000000000116,-0.5322216153144836,-2.539562940597534,3.3989340493019355,policy,0.065,0.13777425289154052
hybrid,9.500000000000126,-0.5369449257850647,-2.528775930404663,3.3885317591500583,policy,0.065,0.06737735271453858
hybrid,9.700000000000136,-0.5418028831481934,-2.5180695056915283,3.378229261727789,policy,0.065,-0.22956519126892092
hybrid,9.900000000000146,-0.5464785099029541,-2.5073628425598145,3.3679216221345496,isaac_route,0.06486601767873315,0.12843597648986055
hybrid,10.100000000000156,-0.5511147975921631,-2.4966259002685547,3.3575896339221916,policy,0.065,0.0658672571182251
hybrid,10.300000000000166,-0.5558873414993286,-2.4859392642974854,3.3473279791919426,policy,0.065,-0.16407450437545779
hybrid,10.500000000000176,-0.5605777502059937,-2.47518253326416,3.3369990640447766,isaac_route,0.06499978245983981,0.005174378078211053
hybrid,10.700000000000186,-0.5651944875717163,-2.4643468856811523,3.326594531103189,policy,0.065,-0.16739742755889894
hybrid,10.900000000000196,-0.5696640610694885,-2.4534873962402344,3.3161625782511557,policy,0.065,-0.5490531921386719
hybrid,11.100000000000206,-0.5735452771186829,-2.442351818084717,3.3054121261598266,isaac_route,0.06492254270842522,0.0976478319973722
hybrid,11.300000000000216,-0.5770410299301147,-2.431135654449463,3.2945537719638827,policy,0.065,-0.062020474672317506
hybrid,11.500000000000226,-0.5805500745773315,-2.419926643371582,3.283709883707722,policy,0.065,-0.2777812719345093
hybrid,11.700000000000236,-0.5837588310241699,-2.408648729324341,3.2727757284226353,policy,0.065,-0.55
hybrid,11.900000000000245,-0.5862539410591125,-2.3972840309143066,3.2616935867498817,isaac_route,0.06479581371103672,0.15856793012577192
hybrid,12.100000000000255,-0.5884034633636475,-2.3858330249786377,3.2504965869474614,policy,0.065,0.12687734365463257
hybrid,12.300000000000265,-0.5907749533653259,-2.374432325363159,3.2393741513579584,policy,0.065,-0.04150128364562988
hybrid,12.500000000000275,-0.5932082533836365,-2.363028049468994,3.228257836149733,policy,0.065,-0.4370996952056885
hybrid,12.700000000000285,-0.5951908826828003,-2.3516228199005127,3.2171002429880975,isaac_route,0.06492078222936966,0.0987515089801606
hybrid,12.900000000000295,-0.5968629121780396,-2.340522289276123,3.206218112275224,policy,0.065,-0.00750412940979004
hybrid,13.100000000000305,-0.5985615849494934,-2.329707384109497,3.1956252176946527,policy,0.065,-0.29304687976837157
hybrid,13.300000000000315,-0.600053608417511,-2.31852650642395,3.1846498291291354,policy,0.065,-0.55
hybrid,13.500000000000325,-0.6008652448654175,-2.3069279193878174,3.173192145706408,policy,0.065,-0.55
hybrid,13.700000000000335,-0.6006442904472351,-2.295062303543091,3.161365156726471,isaac_route,0.06491161589692629,0.10430968121878591
hybrid,13.900000000000345,-0.6000377535820007,-2.2832400798797607,3.1495424369077396,policy,0.065,-0.050244808197021484
hybrid,14.100000000000355,-0.599459171295166,-2.2714786529541016,3.13778315741747,policy,0.065,-0.2526751279830933
hybrid,14.300000000000365,-0.598609209060669,-2.259862184524536,3.1261405334427925,isaac_route,0.06469978167579184,0.19229775454092427
hybrid,14.500000000000373,-0.5977593660354614,-2.2482151985168457,3.114467599931654,policy,0.065,0.10693323612213135
hybrid,14.700000000000362,-0.5971293449401855,-2.23636794090271,3.102617941038539,policy,0.065,0.013447785377502443
hybrid,14.90000000000035,-0.5965856313705444,-2.2245774269104004,3.0908336765438005,policy,0.065,-0.1588305473327637
hybrid,15.100000000000339,-0.5959118008613586,-2.2128493785858154,3.0790983390965256,policy,0.065,-0.39871034622192386
hybrid,15.300000000000328,-0.5947334170341492,-2.2012009620666504,3.06739049270132,isaac_route,0.06417745231879608,0.3185135460361399
hybrid,15.500000000000316,-0.5935805439949036,-2.1897926330566406,3.0559240843904427,policy,0.065,0.16868352890014648
hybrid,15.700000000000305,-0.592791736125946,-2.1779286861419678,3.0440418522993578,policy,0.065,0.1418407917022705
hybrid,15.900000000000293,-0.5922442078590393,-2.166097402572632,3.0322170085841313,policy,0.065,0.042696237564086914
hybrid,16.100000000000282,-0.5918358564376831,-2.1543328762054443,3.0204730808946305,policy,0.065,-0.1878580689430237
hybrid,16.30000000000027,-0.5912905931472778,-2.1425790786743164,3.008725872441889,isaac_route,0.06454709569825128,0.23623488593672648
hybrid,16.50000000000026,-0.5908380746841431,-2.1308834552764893,2.997046293038272,policy,0.065,0.04019291400909424
hybrid,16.700000000000248,-0.5905969738960266,-2.1191701889038086,2.9853713489059364,policy,0.065,-0.10171109437942505
hybrid,16.900000000000237,-0.5903002619743347,-2.1074576377868652,2.9736916336239716,isaac_route,0.06472201522203729,0.18503493113792857
hybrid,17.100000000000225,-0.5900983810424805,-2.0957186222076416,2.9619958148427648,policy,0.065,0.05995609760284424
hybrid,17.300000000000214,-0.5900876522064209,-2.083958864212036,2.950299810009022,policy,0.065,-0.16179474592208865
hybrid,17.500000000000203,-0.5899794697761536,-2.07224702835083,2.9386416873086048,isaac_route,0.06475939711444484,0.17213642800492934
hybrid,17.70000000000019,-0.5899162888526917,-2.06052303314209,2.9269766709946383,policy,0.065,0.028816843032836915
hybrid,17.90000000000018,-0.5900039672851562,-2.048865795135498,2.91539454584437,policy,0.065,-0.17432569265365602
hybrid,18.10000000000017,-0.5899606943130493,-2.0372352600097656,2.903825593706118,policy,0.065,-0.4261417865753174
hybrid,18.300000000000157,-0.5893846154212952,-2.0255866050720215,2.8921820764829134,isaac_route,0.06431151174131837,0.29135379060637506
hybrid,18.500000000000146,-0.588735044002533,-2.013960123062134,2.8805528833689755,policy,0.065,0.09079339504241944
hybrid,18.700000000000134,-0.5884012579917908,-2.002284288406372,2.8689086771489896,policy,0.065,-0.016464376449584962
hybrid,18.900000000000123,-0.5881251096725464,-1.9906469583511353,2.85730926313556,policy,0.065,-0.32298049926757816
hybrid,19.10000000000011,-0.5875428318977356,-1.979080319404602,2.8457473617828626,policy,0.065,-0.55
hybrid,19.3000000000001,-0.5862019062042236,-1.9675533771514893,2.8341430169384294,isaac_route,0.06480398711715185,0.1553602177215648
hybrid,19.50000000000009,-0.5844802856445312,-1.956025242805481,2.8224963963852523,policy,0.065,-0.01598174571990967
hybrid,19.700000000000077,-0.5828361511230469,-1.9443765878677368,2.8107383815023335,policy,0.065,-0.12070775032043457
hybrid,19.900000000000066,-0.5810903310775757,-1.932830810546875,2.7990717582079565,policy,0.065,-0.387392520904541
hybrid,20.100000000000055,-0.5788920521736145,-1.9212920665740967,2.7873636607211987,policy,0.065,-0.5466502189636231
hybrid,20.300000000000043,-0.5758878588676453,-1.909964919090271,2.775780246999796,policy,0.065,-0.55
hybrid,20.500000000000032,-0.5718304514884949,-1.8986748456954956,2.7641234451042767,policy,0.065,-0.55
hybrid,20.70000000000002,-0.5667968988418579,-1.8876445293426514,2.7526260244037974,isaac_route,0.06499342046393117,0.028457032814870626
hybrid,20.90000000000001,-0.5615357756614685,-1.8771904706954956,2.7416838359719056,policy,0.065,0.17077734470367434
hybrid,21.099999999999998,-0.5564175844192505,-1.8666346073150635,2.7306611416721123,policy,0.065,0.39477057456970216
hybrid,21.299999999999986,-0.5518475770950317,-1.8560913801193237,2.7197116874272806,isaac_route,0.06376747520007045,-0.390098968042846
hybrid,21.499999999999975,-0.5472879409790039,-1.8456989526748657,2.7089178073254945,policy,0.065,-0.38154172897338867
hybrid,21.699999999999964,-0.5420019626617432,-1.835340142250061,2.6980913083174527,policy,0.065,-0.31583747863769535
hybrid,21.899999999999952,-0.5361686944961548,-1.825214147567749,2.6874510479981777,policy,0.065,-0.14135143756866456
hybrid,22.09999999999994,-0.530005156993866,-1.8153144121170044,2.677013913666147,policy,0.065,0.0860738754272461
hybrid,22.29999999999993,-0.5238085985183716,-1.805387258529663,2.6665566045882416,policy,0.065,0.3308701753616333
hybrid,22.49999999999992,-0.5178881287574768,-1.7952080965042114,2.655883400229605,isaac_route,0.06487825806749534,-0.12242672122223659
hybrid,22.699999999999907,-0.5121110081672668,-1.785019040107727,2.645222270782301,policy,0.065,0.11086781024932862
hybrid,22.899999999999896,-0.5063483119010925,-1.7748208045959473,2.634562167522374,policy,0.065,0.3274674415588379
hybrid,23.099999999999884,-0.5009198188781738,-1.7644449472427368,2.623762174537975,isaac_route,0.06495488882427043,-0.0745170251611631
hybrid,23.299999999999873,-0.4957047402858734,-1.7540439367294312,2.61296256371941,policy,0.065,0.027487802505493167
hybrid,23.49999999999986,-0.4904705584049225,-1.7436871528625488,2.602212693628158,policy,0.065,0.36238243579864504
hybrid,23.69999999999985,-0.4855102598667145,-1.7330927848815918,2.5912550631340445,policy,0.065,0.55
hybrid,23.89999999999984,-0.4812692701816559,-1.7221837043762207,2.5800461872179796,isaac_route,0.06496289622427048,-0.06757997540624075
hybrid,24.099999999999827,-0.4774438440799713,-1.7111276388168335,2.5687270882436235,policy,0.065,-0.021131908893585207
hybrid,24.299999999999816,-0.4735540747642517,-1.7000815868377686,2.557416524422034,policy,0.065,0.1433730959892273
hybrid,24.499999999999805,-0.4698096215724945,-1.6890912055969238,2.5461759253400253,policy,0.065,0.3109230756759644
hybrid,24.699999999999793,-0.4664197862148285,-1.6778876781463623,2.53475214765006,policy,0.065,0.55
hybrid,24.899999999999782,-0.4637870788574219,-1.6663906574249268,2.523093266435151,isaac_route,0.06480111826960128,-0.15649359135464358
hybrid,25.09999999999977,-0.46169501543045044,-1.6558173894882202,2.512396041251027,policy,0.065,-0.13260070085525513
hybrid,25.29999999999976,-0.45939838886260986,-1.6451820135116577,2.5016228857440908,policy,0.065,-0.11198738813400269
hybrid,25.499999999999748,-0.4569125175476074,-1.6344048976898193,2.4906958334028255,policy,0.065,-0.05347943305969238
hybrid,25.699999999999736,-0.45436400175094604,-1.6237900257110596,2.4799273974078613,policy,0.065,0.011447739601135255
hybrid,25.899999999999725,-0.451650470495224,-1.6125472784042358,2.4685224289840555,policy,0.065,0.09684348106384277
hybrid,26.099999999999714,-0.44901570677757263,-1.6012341976165771,2.4570542119990977,policy,0.065,0.16823354959487916
hybrid,26.299999999999702,-0.44657236337661743,-1.5897693634033203,2.445449017837484,policy,0.065,0.2901655435562134
hybrid,26.49999999999969,-0.4445074796676636,-1.5782965421676636,2.4338625284863644,policy,0.065,0.360670018196106
hybrid,26.69999999999968,-0.4429638981819153,-1.5667526721954346,2.4222408448943344,policy,0.065,0.4774333953857422
hybrid,26.899999999999668,-0.44216880202293396,-1.554736852645874,2.4101987575348924,isaac_route,0.06481001628778896,-0.1529510057888162
hybrid,27.099999999999657,-0.4416680932044983,-1.5429829359054565,2.398437804883645,policy,0.065,-0.14431639909744262
hybrid,27.299999999999645,-0.44092947244644165,-1.5313425064086914,2.386774063025388,policy,0.065,-0.21557600498199464
hybrid,27.499999999999634,-0.43988922238349915,-1.5196666717529297,2.375054672770925,policy,0.065,-0.21800849437713624
hybrid,27.699999999999623,-0.438457190990448,-1.5078710317611694,2.3631894726820075,policy,0.065,-0.23797960281372071
hybrid,27.89999999999961,-0.43665918707847595,-1.4962468147277832,2.3514710749903682,policy,0.065,-0.21258242130279542
hybrid,28.0999999999996,-0.4344668388366699,-1.48460853099823,2.339713016014979,policy,0.065,-0.23310885429382325
hybrid,28.29999999999959,-0.43189889192581177,-1.473012924194336,2.32797386569141,policy,0.065,-0.23192710876464845
hybrid,28.499999999999577,-0.42897313833236694,-1.4616820812225342,2.3164772911880536,policy,0.065,-0.20023832321166993
hybrid,28.699999999999566,-0.42568615078926086,-1.4504268169403076,2.305035356481524,isaac_route,0.062277274744093315,0.55
hybrid,28.899999999999554,-0.42282286286354065,-1.4392999410629272,2.2937507690041783,policy,0.065,0.55
hybrid,29.099999999999543,-0.4208570420742035,-1.4275866746902466,2.2819381602112863,policy,0.065,0.55
hybrid,29.29999999999953,-0.41995683312416077,-1.4159555435180664,2.2702736487785784,policy,0.065,0.55
hybrid,29.49999999999952,-0.42009031772613525,-1.4043229818344116,2.258671601527633,isaac_route,0.064990962900459,-0.03335092471444823
hybrid,29.69999999999951,-0.42067787051200867,-1.3926399946212769,2.2470479320047256,policy,0.065,-0.03503133058547974
hybrid,29.899999999999498,-0.4212097227573395,-1.3809071779251099,2.2353717861507922,policy,0.065,-0.05556058883666992
hybrid,30.099999999999486,-0.4216739237308502,-1.3691608905792236,2.223678609633521,policy,0.065,-0.12183609008789063
hybrid,30.299999999999475,-0.4219897389411926,-1.3573999404907227,2.2119619307852103,policy,0.065,-0.18570152521133423
hybrid,30.499999999999464,-0.42205455899238586,-1.3456608057022095,2.2002513200603695,policy,0.065,-0.22875170707702638
hybrid,30.699999999999456,-0.42179015278816223,-1.3339637517929077,2.188561654734233,policy,0.065,-0.35360422134399416
hybrid,30.899999999999444,-0.4210054278373718,-1.3223347663879395,2.1769062607143526,isaac_route,0.06456537780270773,0.231412362588025
hybrid,31.099999999999433,-0.42015039920806885,-1.3106845617294312,2.1652251406479848,policy,0.065,0.3174435138702393
hybrid,31.29999999999942,-0.41974860429763794,-1.29898202419281,2.153521166068949,policy,0.065,0.4292449951171875
hybrid,31.49999999999941,-0.4200197458267212,-1.2871451377868652,2.1417270762605165,isaac_route,0.06498750397822049,-0.03921761328960694
hybrid,31.6999999999994,-0.4205916225910187,-1.275404930114746,2.130049793150114,policy,0.065,-0.034893035888671875
hybrid,31.899999999999388,-0.4211077094078064,-1.2636562585830688,2.118361197978686,policy,0.065,-0.05751290321350098
hybrid,32.099999999999376,-0.421553373336792,-1.251899003982544,2.10666010083398,policy,0.065,-0.1461483120918274
hybrid,32.299999999999365,-0.4218232035636902,-1.2401466369628906,2.0949526928015225,policy,0.065,-0.20204117298126223
hybrid,32.49999999999935,-0.42180201411247253,-1.2284413576126099,2.0832729749701318,policy,0.065,-0.3311170816421509
hybrid,32.69999999999934,-0.42133158445358276,-1.2168477773666382,2.0716742870368337,policy,0.065,-0.3550804138183594
hybrid,32.89999999999933,-0.42025116086006165,-1.2052373886108398,2.06001726004092,isaac_route,0.06431559831230639,0.2904863002965356
hybrid,33.09999999999932,-0.41917502880096436,-1.1936548948287964,2.0483883952511173,policy,0.065,0.4119615077972412
hybrid,33.29999999999931,-0.4187033176422119,-1.1819007396697998,2.0366293787028695,policy,0.065,0.5481595516204835
hybrid,33.4999999999993,-0.4190877676010132,-1.1699371337890625,2.0247200872111204,policy,0.065,0.55
hybrid,33.699999999999285,-0.4204584062099457,-1.1579800844192505,2.01288662951975,policy,0.065,0.55
hybrid,33.899999999999274,-0.422801673412323,-1.1463648080825806,2.0014656541844427,isaac_route,0.06490540836230915,-0.10791141045007643
hybrid,34.09999999999926,-0.42549458146095276,-1.135074496269226,1.9903993139500977,policy,0.065,-0.38606536388397217
hybrid,34.29999999999925,-0.4277527928352356,-1.1237300634384155,1.9792527001651974,policy,0.065,-0.55
hybrid,34.49999999999924,-0.42916974425315857,-1.112412691116333,1.9680739779934597,isaac_route,0.06494637653381148,0.08124480827089736
hybrid,34.69999999999923,-0.4302070438861847,-1.100886344909668,1.9566603401684286,policy,0.065,-0.023454904556274414
hybrid,34.89999999999922,-0.4312901198863983,-1.0892605781555176,1.9451530249220275,policy,0.065,-0.048362708091735845
hybrid,35.099999999999206,-0.4323229193687439,-1.0776489973068237,1.9336579140538328,policy,0.065,-0.14978281259536744
hybrid,35.299999999999194,-0.43319958448410034,-1.0660136938095093,1.9221286605094003,policy,0.065,-0.359451699256897
hybrid,35.49999999999918,-0.4336266815662384,-1.0544975996017456,1.9106837164161592,isaac_route,0.06472993649959721,0.18237770406585005
hybrid,35.69999999999917,-0.4339393973350525,-1.0428379774093628,1.8990873984035193,policy,0.065,0.13641669750213622
hybrid,35.89999999999916,-0.434508740901947,-1.0310970544815063,1.8874318741067462,policy,0.065,0.16899850368499758
hybrid,36.09999999999915,-0.4353247284889221,-1.0193753242492676,1.8758171217344755,policy,0.065,0.19433165788650514
hybrid,36.29999999999914,-0.43644222617149353,-1.0075932741165161,1.8641692364622937,policy,0.065,0.1921683192253113
hybrid,36.499999999999126,-0.43785446882247925,-0.9959434270858765,1.85268053623089,policy,0.065,0.28505444526672363
hybrid,36.699999999999115,-0.43967828154563904,-0.9844207763671875,1.8413573087168507,policy,0.065,0.3765610456466675
hybrid,36.8999999999991,-0.4420488178730011,-0.9731769561767578,1.8303644535742014,isaac_route,0.06396945519783759,-0.3566130433074234
hybrid,37.09999999999909,-0.4443342983722687,-0.9622006416320801,1.8196364821450544,policy,0.065,-0.55
hybrid,37.29999999999908,-0.4459133446216583,-0.9505912065505981,1.8082189942125053,policy,0.065,-0.55
hybrid,37.49999999999907,-0.44652843475341797,-0.9387462735176086,1.7964812692050411,isaac_route,0.06499470300032663,0.025533258236862887
hybrid,37.69999999999906,-0.44665300846099854,-0.9271131753921509,1.7849102115740936,policy,0.065,-0.018814134597778323
hybrid,37.89999999999905,-0.44678348302841187,-0.9154506921768188,1.7733112746268485,policy,0.065,-0.0858281970024109
hybrid,38.099999999999035,-0.44683095812797546,-0.9037898182868958,1.7617069266244831,policy,0.065,-0.26725809574127196
hybrid,38.299999999999024,-0.4465712606906891,-0.8920943140983582,1.7500395950097571,policy,0.065,-0.4242555618286133
hybrid,38.49999999999901,-0.4457351267337799,-0.8803237676620483,1.7382429269724209,isaac_route,0.06445579265970999,0.258984627783829
hybrid,38.699999999999,-0.44474107027053833,-0.8687673807144165,1.7266444130861973,policy,0.065,0.18407281637191775
hybrid,38.89999999999899,-0.4440900683403015,-0.857172429561615,1.7150403070433162,policy,0.065,0.2304856777191162
hybrid,39.09999999999898,-0.44376420974731445,-0.8456555604934692,1.703545272725848,policy,0.065,0.22130136489868166
hybrid,39.29999999999897,-0.4437941908836365,-0.8339202404022217,1.6918675814033146,policy,0.065,0.31559033393859864
hybrid,39.499999999998956,-0.44428279995918274,-0.8222305774688721,1.6802809118073998,policy,0.065,0.38711624145507817
hybrid,39.699999999998944,-0.44538024067878723,-0.8107274770736694,1.6689416937432082,isaac_route,0.06472313673944116,-0.18466103031346376
hybrid,39.89999999999893,-0.44663694500923157,-0.7992377281188965,1.657634747250669,policy,0.065,-0.46456284523010255
hybrid,40.09999999999892,-0.44729167222976685,-0.7880374193191528,1.646557952422927,policy,0.065,-0.55
hybrid,40.29999999999891,-0.4470827579498291,-0.7766311168670654,1.6351897254949708,isaac_route,0.06482400516654314,0.1472096618188256
hybrid,40.4999999999989,-0.4465726613998413,-0.7657341361045837,1.6242977713767424,policy,0.065,0.028360819816589358
hybrid,40.69999999999889,-0.44616377353668213,-0.7542132139205933,1.6127958442882313,policy,0.065,-0.050403046607971194
hybrid,40.899999999998876,-0.4457261562347412,-0.7425097823143005,1.601109791871589,policy,0.065,-0.1739000201225281
hybrid,41.099999999998865,-0.4450971782207489,-0.7307912111282349,1.5893891692838247,policy,0.065,-0.34412722587585454
hybrid,41.29999999999885,-0.44403573870658875,-0.7191799283027649,1.5777304493991637,policy,0.065,-0.55
hybrid,41.49999999999884,-0.44215911626815796,-0.7076377868652344,1.5660558911032822,isaac_route,0.06472822400118454,0.18295542979914414
hybrid,41.69999999999883,-0.4399949014186859,-0.6962405443191528,1.5544961207337782,policy,0.065,0.06370034217834473
hybrid,41.89999999999882,-0.43801018595695496,-0.6847302913665771,1.5428429233412877,policy,0.065,0.08586401939392091
hybrid,42.09999999999881,-0.4361402094364166,-0.6731516718864441,1.5311338219023567,policy,0.065,0.1448480248451233
hybrid,42.299999999998796,-0.43445974588394165,-0.6615136861801147,1.5193852166611106,policy,0.065,0.12441720962524415
hybrid,42.499999999998785,-0.43299752473831177,-0.649841845035553,1.5076252195740498,policy,0.065,0.11126694679260254
hybrid,42.699999999998774,-0.43172067403793335,-0.6381198763847351,1.4958341918213542,policy,0.065,0.1333746314048767
hybrid,42.89999999999876,-0.4306442439556122,-0.6264312863349915,1.4840967055774215,policy,0.065,0.08448090553283692
hybrid,43.09999999999875,-0.4297361671924591,-0.6147072315216064,1.472341058938851,policy,0.065,0.07662932872772217
hybrid,43.29999999999874,-0.4289610981941223,-0.6029956936836243,1.460611479702373,policy,0.065,0.023441481590271
hybrid,43.49999999999873,-0.428265780210495,-0.5912928581237793,1.4488988385874424,policy,0.065,0.001517462730407715
hybrid,43.69999999999872,-0.4275973439216614,-0.579616367816925,1.4372153405327912,policy,0.065,-0.13382327556610107
hybrid,43.899999999998705,-0.42680665850639343,-0.5678907036781311,1.4254705337391855,policy,0.065,-0.26976249217987064
hybrid,44.099999999998694,-0.4256855547428131,-0.5563098192214966,1.4138357714032843,policy,0.065,-0.5170706748962403
hybrid,44.29999999999868,-0.42386215925216675,-0.5447713136672974,1.4021709376156297,policy,0.065,-0.55
hybrid,44.49999999999867,-0.4210898280143738,-0.5334793925285339,1.390655086324516,policy,0.065,-0.55
hybrid,44.69999999999866,-0.41736364364624023,-0.522534191608429,1.3793907632465774,isaac_route,0.06475904178343207,0.1722635683320955
hybrid,44.89999999999865,-0.41329699754714966,-0.5115869641304016,1.3680961773372984,policy,0.065,0.1983123064041138
hybrid,45.09999999999864,-0.4095305800437927,-0.5005163550376892,1.3567138962916123,policy,0.065,0.44124846458435063
hybrid,45.299999999998626,-0.40631669759750366,-0.4892650544643402,1.345208829216234,policy,0.065,0.55
hybrid,45.499999999998614,-0.40398329496383667,-0.4777825176715851,1.3335584995283796,isaac_route,0.06497898340612909,-0.050860565380610324
hybrid,45.6999999999986,-0.40208563208580017,-0.4661869704723358,1.321836995549351,policy,0.065,0.0592657208442688
hybrid,45.89999999999859,-0.40020087361335754,-0.4545804262161255,1.3101062317551437,policy,0.065,0.05831997394561768
hybrid,46.09999999999858,-0.3984127640724182,-0.4429675042629242,1.2983784308802904,policy,0.065,0.043120408058166505
hybrid,46.29999999999857,-0.3967028856277466,-0.43131932616233826,1.286623013594484,policy,0.065,0.029767751693725586
hybrid,46.49999999999856,-0.395060271024704,-0.4197090268135071,1.2749117140963062,policy,0.065,-0.023674774169921878
hybrid,46.699999999998546,-0.3934202194213867,-0.40808483958244324,1.263187084228135,policy,0.065,-0.046164226531982426
hybrid,46.899999999998535,-0.391730397939682,-0.39648565649986267,1.2514831895329852,policy,0.065,-0.07797164916992189
hybrid,47.09999999999852,-0.38994529843330383,-0.3849206268787384,1.2398051957215557,policy,0.065,-0.09696092605590821
hybrid,47.29999999999851,-0.3880252540111542,-0.37337541580200195,1.2281355232599112,policy,0.065,-0.12504589557647705
hybrid,47.4999999999985,-0.38593602180480957,-0.3618623614311218,1.2164837951116505,policy,0.065,-0.10778975486755371
hybrid,47.69999999999849,-0.38367119431495667,-0.35037291049957275,1.2048414172794297,policy,0.065,-0.10060944557189942
hybrid,47.89999999999848,-0.38125890493392944,-0.3389427959918976,1.1932469727468198,isaac_route,0.06111863421883154,0.55
hybrid,48.09999999999847,-0.3794325590133667,-0.3282436728477478,1.1824318104642217,policy,0.065,0.55
hybrid,48.299999999998455,-0.3785320222377777,-0.31667187809944153,1.1708252775518404,policy,0.065,0.55
hybrid,48.499999999998444,-0.37860801815986633,-0.30508995056152344,1.1592913072794255,policy,0.065,0.55
hybrid,48.69999999999843,-0.3796929121017456,-0.2934413552284241,1.1477790769873537,policy,0.065,0.55
hybrid,48.89999999999842,-0.3818034827709198,-0.28184351325035095,1.136412639665358,policy,0.065,0.44361252784729005
hybrid,49.09999999999841,-0.3848262131214142,-0.27036890387535095,1.1252621986578202,policy,0.065,0.419683313369751
hybrid,49.2999999999984,-0.3885718584060669,-0.25921252369880676,1.1145134683654672,policy,0.065,0.35232291221618656
hybrid,49.49999999999839,-0.39297595620155334,-0.24830174446105957,1.1040970467154878,policy,0.065,0.269514274597168
hybrid,49.699999999998376,-0.3978572189807892,-0.23764470219612122,1.0940115731934352,policy,0.065,0.03837218284606934
hybrid,49.899999999998364,-0.40294066071510315,-0.22711434960365295,1.084107802840274,policy,0.065,-0.40970907211303714
hybrid,50.09999999999835,-0.40774309635162354,-0.21632909774780273,1.0739534642474706,policy,0.065,-0.55
hybrid,50.29999999999834,-0.41173359751701355,-0.2051611989736557,1.0633526679960403,policy,0.065,-0.55
hybrid,50.49999999999833,-0.4147545397281647,-0.19363906979560852,1.0523028527858285,isaac_route,0.06498616566820298,0.04126435983560926
hybrid,50.69999999999832,-0.4173152446746826,-0.18214918673038483,1.0412432089037906,policy,0.065,-0.26426119804382325
hybrid,50.89999999999831,-0.4196431338787079,-0.17069880664348602,1.0302069009295673,isaac_route,0.06498617909425743,0.04124433097998351
hybrid,51.099999999998296,-0.42181724309921265,-0.15916608273983002,1.0190820933529912,policy,0.065,-0.26089928150177005
hybrid,51.299999999998285,-0.4237745404243469,-0.14766253530979156,1.0079690733524482,isaac_route,0.06498333137182787,0.045294714433333355
hybrid,51.49999999999827,-0.4256027638912201,-0.13603167235851288,0.9967239456072519,policy,0.065,-0.16693443059921265
hybrid,51.69999999999826,-0.4273067116737366,-0.12447500228881836,0.9855459387516757,policy,0.065,-0.5096339702606202
hybrid,51.89999999999825,-0.4284587800502777,-0.11256680637598038,0.9739480818354082,isaac_route,0.06472460889225921,0.18416908283307265
hybrid,52.09999999999824,-0.42932409048080444,-0.10096796602010727,0.9626202555495803,policy,0.065,0.05437700748443604
hybrid,52.29999999999823,-0.430350124835968,-0.0894249677658081,0.9513802762828231,policy,0.065,-0.08182814121246339
hybrid,52.49999999999822,-0.4313250184059143,-0.07790093868970871,0.9401592488598901,policy,0.065,-0.2647780179977417
hybrid,52.699999999998205,-0.4319939613342285,-0.0661315843462944,0.928654534323137,isaac_route,0.06475350165274556,0.17423390239870049
hybrid,52.899999999998194,-0.4325917959213257,-0.05447095260024071,0.9172523972604718,policy,0.065,0.051672506332397464
hybrid,53.09999999999818,-0.4333619475364685,-0.04281869903206825,0.9058946496660046,policy,0.065,-0.06315464973449707
hybrid,53.29999999999817,-0.43410608172416687,-0.031169021502137184,0.8945431956475939,policy,0.065,-0.21737864017486574
hybrid,53.49999999999816,-0.43459898233413696,-0.019563401117920876,0.8831994983595252,policy,0.065,-0.43712444305419923
hybrid,53.69999999999815,-0.43450579047203064,-0.007846950553357601,0.8716498321362093,policy,0.065,-0.55
hybrid,53.89999999999814,-0.4335096478462219,0.0038275497499853373,0.8599843181965497,isaac_route,0.0648629326197934,0.12990675013222722
hybrid,54.099999999998126,-0.432153582572937,0.015447594225406647,0.8483091598432384,policy,0.065,0.018666172027587892
hybrid,54.299999999998114,-0.43090224266052246,0.0270486269146204,0.8366722472408696,policy,0.065,-0.0009200811386108399
hybrid,54.4999999999981,-0.42965707182884216,0.03869996219873428,0.8249878729319107,policy,0.065,-0.051575446128845216
hybrid,54.69999999999809,-0.4283706545829773,0.05031045898795128,0.813337084575296,policy,0.065,-0.1045010805130005
hybrid,54.89999999999808,-0.42695313692092896,0.06195690110325813,0.8016278127470886,policy,0.065,-0.19257200956344606
hybrid,55.09999999999807,-0.4253024756908417,0.07355125993490219,0.7899275000850176,policy,0.065,-0.3220860004425049
hybrid,55.29999999999806,-0.42323410511016846,0.08493055403232574,0.7783619119792508,policy,0.065,-0.36503448486328127
hybrid,55.499999999998046,-0.42065730690956116,0.09598812460899353,0.7670191563564193,policy,0.065,-0.5029297828674316
hybrid,55.699999999998035,-0.41745519638061523,0.10654880106449127,0.7560513317299817,isaac_route,0.06494786191799447,0.08011150206551343
hybrid,55.89999999999802,-0.4139328896999359,0.11703099310398102,0.7451050825309887,policy,0.065,0.05102176666259766
hybrid,56.09999999999801,-0.4104579985141754,0.12768051028251648,0.7340059499772807,policy,0.065,0.1696984648704529
hybrid,56.299999999998,-0.4071562886238098,0.13832604885101318,0.7229443508878066,policy,0.065,0.2376208782196045
hybrid,56.49999999999799,-0.40403127670288086,0.1495051085948944,0.711390786055876,policy,0.065,0.4006487846374512
hybrid,56.69999999999798,-0.401409775018692,0.16097162663936615,0.6996430752648742,isaac_route,0.064231904010178,-0.3077688487709297
hybrid,56.899999999997966,-0.3989080488681793,0.17204536497592926,0.6883034296269765,policy,0.065,-0.395598316192627
hybrid,57.099999999997955,-0.395730584859848,0.18336835503578186,0.6766027773662342,policy,0.065,-0.4361769676208496
hybrid,57.299999999997944,-0.39190956950187683,0.19426095485687256,0.6652198486750948,policy,0.065,-0.48447341918945314
hybrid,57.49999999999793,-0.38728031516075134,0.20497050881385803,0.6538899834993982,policy,0.065,-0.47849640846252445
hybrid,57.69999999999792,-0.381878137588501,0.21533909440040588,0.6427858274845506,policy,0.065,-0.32041134834289553
hybrid,57.89999999999791,-0.3759170472621918,0.2252153754234314,0.6321043482391031,policy,0.065,-0.16668801307678224
hybrid,58.0999999999979,-0.369571715593338,0.23496513068675995,0.6215231151819601,policy,0.065,0.05388898849487305
hybrid,58.29999999999789,-0.36316102743148804,0.2446945458650589,0.6109913659692483,policy,0.065,0.44463524818420413
hybrid,58.499999999997875,-0.35706794261932373,0.25478485226631165,0.6001837550877329,isaac_route,0.06499999162536747,0.0010152457955750441
hybrid,58.699999999997864,-0.3513355553150177,0.26497477293014526,0.5893583610675571,policy,0.065,0.2489999532699585
hybrid,58.89999999999785,-0.34581616520881653,0.2752316892147064,0.5785243112314071,policy,0.065,0.55
hybrid,59.09999999999784,-0.3408620357513428,0.28589609265327454,0.5673776570148323,isaac_route,0.06493030483841469,-0.09262504732483928
hybrid,59.29999999999783,-0.3363438844680786,0.2965885102748871,0.5562723346318068,policy,0.065,0.1322832226753235
hybrid,59.49999999999782,-0.33183178305625916,0.30741605162620544,0.5450540108720306,policy,0.065,0.34934258460998535
hybrid,59.69999999999781,-0.3277970254421234,0.31817540526390076,0.5339681219017959,policy,0.065,0.55
hybrid,59.899999999997796,-0.32451942563056946,0.32928138971328735,0.5226182644697763,isaac_route,0.06479437819851787,-0.15912464552860517
hybrid,60.099999999997785,-0.3215511739253998,0.3405782878398895,0.5111134716231976,policy,0.065,-0.06556782722473145
hybrid,60.29999999999777,-0.31841906905174255,0.35188496112823486,0.4995944523481247,policy,0.065,0.02284488677978516
hybrid,60.49999999999776,-0.3152586817741394,0.36323538422584534,0.48803992235288546,policy,0.065,0.10730607509613038
hybrid,60.69999999999775,-0.31220683455467224,0.37464216351509094,0.47644763920041155,policy,0.065,0.1936356544494629
hybrid,60.89999999999774,-0.3094097673892975,0.38608449697494507,0.46484677944983366,policy,0.065,0.32316198348999026
hybrid,61.09999999999773,-0.3070770502090454,0.3974877893924713,0.45332159379069464,isaac_route,0.06497880008852189,-0.0510819118719111
hybrid,61.299999999997716,-0.30493900179862976,0.4090034067630768,0.44170119884066916,policy,0.065,0.03006458282470703
hybrid,61.499999999997705,-0.3027777075767517,0.42059898376464844,0.4300047170745975,policy,0.065,0.08350610733032227
hybrid,61.699999999997694,-0.3007160723209381,0.43220534920692444,0.4183079318919428,policy,0.065,0.10635807514190675
hybrid,61.89999999999768,-0.2988073229789734,0.4438546597957611,0.4065805612264959,policy,0.065,0.16183817386627197
hybrid,62.09999999999767,-0.29711323976516724,0.4555395543575287,0.394831490830857,policy,0.065,0.14954793453216553
hybrid,62.29999999999766,-0.2956712543964386,0.46721458435058594,0.3831060723197331,policy,0.065,0.14044394493103027
hybrid,62.49999999999765,-0.2944644093513489,0.47891566157341003,0.3713661338401542,policy,0.065,0.2915850639343262
hybrid,62.699999999997644,-0.29363173246383667,0.4905077815055847,0.3597505792740326,policy,0.065,0.2745834350585938
hybrid,62.89999999999763,-0.293261855840683,0.5023066401481628,0.34794618737011357,policy,0.065,0.3789838314056397
hybrid,63.09999999999762,-0.2934816777706146,0.5139272809028625,0.3363430215670516,policy,0.065,0.280411434173584
hybrid,63.29999999999761,-0.294283002614975,0.5256274938583374,0.324686813567047,policy,0.065,0.2100672245025635
hybrid,63.4999999999976,-0.2954709529876709,0.5373105406761169,0.313071953963636,policy,0.065,0.14651811122894287
hybrid,63.69999999999759,-0.29696324467658997,0.5490114688873291,0.3014661631615082,policy,0.065,0.10359463691711426
hybrid,63.899999999997576,-0.29864469170570374,0.5606252551078796,0.2899747704718127,policy,0.065,0.005350899696350098
hybrid,64.09999999999756,-0.3004099726676941,0.5722411274909973,0.2785077346174939,policy,0.065,-0.13746509552001954
hybrid,64.29999999999755,-0.3020491302013397,0.5838328003883362,0.2670789064897318,policy,0.065,-0.19911421537399293
hybrid,64.49999999999754,-0.30341652035713196,0.5954431295394897,0.2556316367828617,policy,0.065,-0.340040922164917
hybrid,64.69999999999753,-0.3043114244937897,0.6069798469543457,0.24423316758223168,policy,0.065,-0.521180248260498
hybrid,64.89999999999752,-0.3044496774673462,0.6188781261444092,0.23241150423930584,policy,0.065,-0.55
hybrid,65.09999999999751,-0.303579717874527,0.6307510137557983,0.22051331266876475,policy,0.065,-0.55
hybrid,65.2999999999975,-0.30165424942970276,0.642366349697113,0.2087597644577741,isaac_route,0.06383518561348599,0.3791991663625344
hybrid,65.49999999999748,-0.29969921708106995,0.6535545587539673,0.19743067274351167,policy,0.065,0.4574058532714844
hybrid,65.69999999999747,-0.29840415716171265,0.6652867794036865,0.18562781813051452,isaac_route,0.06486002196068044,-0.1312792953789903
hybrid,65.89999999999746,-0.2974075376987457,0.6768542528152466,0.1740185971007116,policy,0.065,-0.014305186271667481
hybrid,66.09999999999745,-0.29628998041152954,0.6885481476783752,0.16227157508291998,policy,0.065,-0.041281414031982426
hybrid,66.29999999999744,-0.2951357066631317,0.7002078294754028,0.15055492010114568,policy,0.065,-0.04283096790313721
hybrid,66.49999999999743,-0.2939169108867645,0.7118743658065796,0.13882496616230355,policy,0.065,-0.06234695911407471
hybrid,66.69999999999742,-0.29261595010757446,0.7235339879989624,0.12709372285271758,policy,0.065,-0.08448243141174316
